<?xml version="1.0" encoding="UTF-8" ?>
<!-- This is a WordPress eXtended RSS file generated by WordPress as an export of your site. -->
<!-- It contains information about your site's posts, pages, comments, categories, and other content. -->
<!-- You may use this file to transfer that content from one site to another. -->
<!-- This file is not intended to serve as a complete backup of your site. -->

<!-- To import this information into a WordPress site follow these steps: -->
<!-- 1. Log in to that site as an administrator. -->
<!-- 2. Go to Tools: Import in the WordPress admin panel. -->
<!-- 3. Install the "WordPress" importer from the list. -->
<!-- 4. Activate & Run Importer. -->
<!-- 5. Upload this file using the form provided on that page. -->
<!-- 6. You will first be asked to map the authors in this export file to users -->
<!--    on the site. For each author, you may choose to map to an -->
<!--    existing user on the site or to create a new user. -->
<!-- 7. WordPress will then import each of the posts, pages, comments, categories, etc. -->
<!--    contained in this file into your site. -->

	<!-- generator="WordPress/5.3.2" created="2020-02-09 10:12" -->
<rss version="2.0"
	xmlns:excerpt="http://wordpress.org/export/1.2/excerpt/"
	xmlns:content="http://purl.org/rss/1.0/modules/content/"
	xmlns:wfw="http://wellformedweb.org/CommentAPI/"
	xmlns:dc="http://purl.org/dc/elements/1.1/"
	xmlns:wp="http://wordpress.org/export/1.2/"
>

<channel>
	<title>Wordpress</title>
	<link>http://localhost/wordpress</link>
	<description>Just another WordPress site</description>
	<pubDate>Sun, 09 Feb 2020 10:12:44 +0000</pubDate>
	<language>en-US</language>
	<wp:wxr_version>1.2</wp:wxr_version>
	<wp:base_site_url>http://localhost/wordpress</wp:base_site_url>
	<wp:base_blog_url>http://localhost/wordpress</wp:base_blog_url>

		<wp:author><wp:author_id>1</wp:author_id><wp:author_login><![CDATA[admin]]></wp:author_login><wp:author_email><![CDATA[tuhadoan@gmail.com]]></wp:author_email><wp:author_display_name><![CDATA[admin]]></wp:author_display_name><wp:author_first_name><![CDATA[]]></wp:author_first_name><wp:author_last_name><![CDATA[]]></wp:author_last_name></wp:author>

				
	<generator>https://wordpress.org/?v=5.3.2</generator>

		<item>
		<title>Shop</title>
		<link>http://localhost/wordpress/?dtwcbe_woo_library=shop</link>
		<pubDate>Sun, 17 Feb 2019 17:56:29 +0000</pubDate>
		<dc:creator><![CDATA[admin]]></dc:creator>
		<guid isPermaLink="false">http://demo.dawnthemes.com/woocommerce-builder-elementor/wcbe1/?post_type=dtwcbe_woo_library&#038;p=173</guid>
		<description></description>
		<content:encoded><![CDATA[<h1>Shop</h1>		
			<nav>Home</nav>		
				<h6>
					Free Shipping Worldwide
				</h6>
				<p>Lorem ipsum dolor sit amet, consectetur adipiscing elit. </p>
				<h6>
					Money Back Guarantee
				</h6>
				<p>Lorem ipsum dolor sit amet, consectetur adipiscing elit. </p>
				<h6>
					24/7 Support Center
				</h6>
				<p>Lorem ipsum dolor sit amet, consectetur adipiscing elit. </p>
			<form method="get">
	<select name="orderby">
					<option value="popularity"  selected='selected'>Sort by popularity</option>
					<option value="rating" >Sort by average rating</option>
					<option value="date" >Sort by latest</option>
					<option value="price" >Sort by price: low to high</option>
					<option value="price-desc" >Sort by price: high to low</option>
			</select>
	<input type="hidden" name="paged" value="1" />
	</form>
<p>
	Showing 1&ndash;12 of 17 results</p>
<ul>
<li>
	<a href="http://demo.dawnthemes.com/woocommerce-builder-elementor/wcbe1/product/album/"><img width="300" height="300" src="http://demo.dawnthemes.com/woocommerce-builder-elementor/wcbe1/wp-content/uploads/sites/2/2019/02/album-1-300x300.jpg" alt="" srcset="http://demo.dawnthemes.com/woocommerce-builder-elementor/wcbe1/wp-content/uploads/sites/2/2019/02/album-1-300x300.jpg 300w, http://demo.dawnthemes.com/woocommerce-builder-elementor/wcbe1/wp-content/uploads/sites/2/2019/02/album-1-150x150.jpg 150w, http://demo.dawnthemes.com/woocommerce-builder-elementor/wcbe1/wp-content/uploads/sites/2/2019/02/album-1-350x350.jpg 350w, http://demo.dawnthemes.com/woocommerce-builder-elementor/wcbe1/wp-content/uploads/sites/2/2019/02/album-1-600x600.jpg 600w, http://demo.dawnthemes.com/woocommerce-builder-elementor/wcbe1/wp-content/uploads/sites/2/2019/02/album-1.jpg 800w" sizes="(max-width: 300px) 100vw, 300px" /><h2>Album</h2>
	&pound;15.00
</a><a href="/woocommerce-builder-elementor/wcbe1/wp-admin/admin-ajax.php?add-to-cart=18" data-quantity="1" data-product_id="18" data-product_sku="woo-album" aria-label="Add &ldquo;Album&rdquo; to your cart" rel="nofollow">Add to cart</a></li>
<li>
	<a href="http://demo.dawnthemes.com/woocommerce-builder-elementor/wcbe1/product/beanie/">
	Sale!
<img width="300" height="300" src="http://demo.dawnthemes.com/woocommerce-builder-elementor/wcbe1/wp-content/uploads/sites/2/2019/02/beanie-2-300x300.jpg" alt="" srcset="http://demo.dawnthemes.com/woocommerce-builder-elementor/wcbe1/wp-content/uploads/sites/2/2019/02/beanie-2-300x300.jpg 300w, http://demo.dawnthemes.com/woocommerce-builder-elementor/wcbe1/wp-content/uploads/sites/2/2019/02/beanie-2-150x150.jpg 150w, http://demo.dawnthemes.com/woocommerce-builder-elementor/wcbe1/wp-content/uploads/sites/2/2019/02/beanie-2-350x350.jpg 350w, http://demo.dawnthemes.com/woocommerce-builder-elementor/wcbe1/wp-content/uploads/sites/2/2019/02/beanie-2-600x600.jpg 600w, http://demo.dawnthemes.com/woocommerce-builder-elementor/wcbe1/wp-content/uploads/sites/2/2019/02/beanie-2.jpg 801w" sizes="(max-width: 300px) 100vw, 300px" /><h2>Beanie</h2>
	<del>&pound;20.00</del> <ins>&pound;18.00</ins>
</a><a href="/woocommerce-builder-elementor/wcbe1/wp-admin/admin-ajax.php?add-to-cart=10" data-quantity="1" data-product_id="10" data-product_sku="woo-beanie" aria-label="Add &ldquo;Beanie&rdquo; to your cart" rel="nofollow">Add to cart</a></li>
<li>
	<a href="http://demo.dawnthemes.com/woocommerce-builder-elementor/wcbe1/product/beanie-with-logo/">
	Sale!
<img width="300" height="300" src="http://demo.dawnthemes.com/woocommerce-builder-elementor/wcbe1/wp-content/uploads/sites/2/2019/02/beanie-with-logo-1-300x300.jpg" alt="" srcset="http://demo.dawnthemes.com/woocommerce-builder-elementor/wcbe1/wp-content/uploads/sites/2/2019/02/beanie-with-logo-1-300x300.jpg 300w, http://demo.dawnthemes.com/woocommerce-builder-elementor/wcbe1/wp-content/uploads/sites/2/2019/02/beanie-with-logo-1-150x150.jpg 150w, http://demo.dawnthemes.com/woocommerce-builder-elementor/wcbe1/wp-content/uploads/sites/2/2019/02/beanie-with-logo-1-350x350.jpg 350w, http://demo.dawnthemes.com/woocommerce-builder-elementor/wcbe1/wp-content/uploads/sites/2/2019/02/beanie-with-logo-1-600x600.jpg 600w, http://demo.dawnthemes.com/woocommerce-builder-elementor/wcbe1/wp-content/uploads/sites/2/2019/02/beanie-with-logo-1.jpg 800w" sizes="(max-width: 300px) 100vw, 300px" /><h2>Beanie with Logo</h2>
	<del>&pound;20.00</del> <ins>&pound;18.00</ins>
</a><a href="/woocommerce-builder-elementor/wcbe1/wp-admin/admin-ajax.php?add-to-cart=27" data-quantity="1" data-product_id="27" data-product_sku="Woo-beanie-logo" aria-label="Add &ldquo;Beanie with Logo&rdquo; to your cart" rel="nofollow">Add to cart</a></li>
<li>
	<a href="http://demo.dawnthemes.com/woocommerce-builder-elementor/wcbe1/product/belt/">
	Sale!
<img width="300" height="300" src="http://demo.dawnthemes.com/woocommerce-builder-elementor/wcbe1/wp-content/uploads/sites/2/2019/02/belt-2-300x300.jpg" alt="" srcset="http://demo.dawnthemes.com/woocommerce-builder-elementor/wcbe1/wp-content/uploads/sites/2/2019/02/belt-2-300x300.jpg 300w, http://demo.dawnthemes.com/woocommerce-builder-elementor/wcbe1/wp-content/uploads/sites/2/2019/02/belt-2-150x150.jpg 150w, http://demo.dawnthemes.com/woocommerce-builder-elementor/wcbe1/wp-content/uploads/sites/2/2019/02/belt-2-350x350.jpg 350w, http://demo.dawnthemes.com/woocommerce-builder-elementor/wcbe1/wp-content/uploads/sites/2/2019/02/belt-2-600x600.jpg 600w, http://demo.dawnthemes.com/woocommerce-builder-elementor/wcbe1/wp-content/uploads/sites/2/2019/02/belt-2.jpg 801w" sizes="(max-width: 300px) 100vw, 300px" /><h2>Belt</h2>
	<del>&pound;65.00</del> <ins>&pound;55.00</ins>
</a><a href="/woocommerce-builder-elementor/wcbe1/wp-admin/admin-ajax.php?add-to-cart=11" data-quantity="1" data-product_id="11" data-product_sku="woo-belt" aria-label="Add &ldquo;Belt&rdquo; to your cart" rel="nofollow">Add to cart</a></li>
<li>
	<a href="http://demo.dawnthemes.com/woocommerce-builder-elementor/wcbe1/product/cap/">
	Sale!
<img width="300" height="300" src="http://demo.dawnthemes.com/woocommerce-builder-elementor/wcbe1/wp-content/uploads/sites/2/2019/02/cap-2-300x300.jpg" alt="" srcset="http://demo.dawnthemes.com/woocommerce-builder-elementor/wcbe1/wp-content/uploads/sites/2/2019/02/cap-2-300x300.jpg 300w, http://demo.dawnthemes.com/woocommerce-builder-elementor/wcbe1/wp-content/uploads/sites/2/2019/02/cap-2-150x150.jpg 150w, http://demo.dawnthemes.com/woocommerce-builder-elementor/wcbe1/wp-content/uploads/sites/2/2019/02/cap-2-350x350.jpg 350w, http://demo.dawnthemes.com/woocommerce-builder-elementor/wcbe1/wp-content/uploads/sites/2/2019/02/cap-2-600x600.jpg 600w, http://demo.dawnthemes.com/woocommerce-builder-elementor/wcbe1/wp-content/uploads/sites/2/2019/02/cap-2.jpg 801w" sizes="(max-width: 300px) 100vw, 300px" /><h2>Cap</h2>
	<del>&pound;18.00</del> <ins>&pound;16.00</ins>
</a><a href="/woocommerce-builder-elementor/wcbe1/wp-admin/admin-ajax.php?add-to-cart=12" data-quantity="1" data-product_id="12" data-product_sku="woo-cap" aria-label="Add &ldquo;Cap&rdquo; to your cart" rel="nofollow">Add to cart</a></li>
<li>
	<a href="http://demo.dawnthemes.com/woocommerce-builder-elementor/wcbe1/product/hoodie/">
	Sale!
<img width="300" height="300" src="http://demo.dawnthemes.com/woocommerce-builder-elementor/wcbe1/wp-content/uploads/sites/2/2019/02/hoodie-2-300x300.jpg" alt="" srcset="http://demo.dawnthemes.com/woocommerce-builder-elementor/wcbe1/wp-content/uploads/sites/2/2019/02/hoodie-2-300x300.jpg 300w, http://demo.dawnthemes.com/woocommerce-builder-elementor/wcbe1/wp-content/uploads/sites/2/2019/02/hoodie-2-150x150.jpg 150w, http://demo.dawnthemes.com/woocommerce-builder-elementor/wcbe1/wp-content/uploads/sites/2/2019/02/hoodie-2-350x350.jpg 350w, http://demo.dawnthemes.com/woocommerce-builder-elementor/wcbe1/wp-content/uploads/sites/2/2019/02/hoodie-2-600x600.jpg 600w, http://demo.dawnthemes.com/woocommerce-builder-elementor/wcbe1/wp-content/uploads/sites/2/2019/02/hoodie-2.jpg 801w" sizes="(max-width: 300px) 100vw, 300px" /><h2>Hoodie</h2>
	&pound;42.00 &ndash; &pound;45.00
</a><a href="http://demo.dawnthemes.com/woocommerce-builder-elementor/wcbe1/product/hoodie/" data-quantity="1" data-product_id="7" data-product_sku="woo-hoodie" aria-label="Select options for &ldquo;Hoodie&rdquo;" rel="nofollow">Select options</a></li>
<li>
	<a href="http://demo.dawnthemes.com/woocommerce-builder-elementor/wcbe1/product/hoodie-with-logo/"><img width="300" height="300" src="http://demo.dawnthemes.com/woocommerce-builder-elementor/wcbe1/wp-content/uploads/sites/2/2019/02/hoodie-with-logo-2-300x300.jpg" alt="" srcset="http://demo.dawnthemes.com/woocommerce-builder-elementor/wcbe1/wp-content/uploads/sites/2/2019/02/hoodie-with-logo-2-300x300.jpg 300w, http://demo.dawnthemes.com/woocommerce-builder-elementor/wcbe1/wp-content/uploads/sites/2/2019/02/hoodie-with-logo-2-150x150.jpg 150w, http://demo.dawnthemes.com/woocommerce-builder-elementor/wcbe1/wp-content/uploads/sites/2/2019/02/hoodie-with-logo-2-350x350.jpg 350w, http://demo.dawnthemes.com/woocommerce-builder-elementor/wcbe1/wp-content/uploads/sites/2/2019/02/hoodie-with-logo-2-600x600.jpg 600w, http://demo.dawnthemes.com/woocommerce-builder-elementor/wcbe1/wp-content/uploads/sites/2/2019/02/hoodie-with-logo-2.jpg 801w" sizes="(max-width: 300px) 100vw, 300px" /><h2>Hoodie with Logo</h2>
	&pound;45.00
</a><a href="/woocommerce-builder-elementor/wcbe1/wp-admin/admin-ajax.php?add-to-cart=8" data-quantity="1" data-product_id="8" data-product_sku="woo-hoodie-with-logo" aria-label="Add &ldquo;Hoodie with Logo&rdquo; to your cart" rel="nofollow">Add to cart</a></li>
<li>
	<a href="http://demo.dawnthemes.com/woocommerce-builder-elementor/wcbe1/product/hoodie-with-zipper/"><img width="300" height="300" src="http://demo.dawnthemes.com/woocommerce-builder-elementor/wcbe1/wp-content/uploads/sites/2/2019/02/hoodie-with-zipper-2-300x300.jpg" alt="" srcset="http://demo.dawnthemes.com/woocommerce-builder-elementor/wcbe1/wp-content/uploads/sites/2/2019/02/hoodie-with-zipper-2-300x300.jpg 300w, http://demo.dawnthemes.com/woocommerce-builder-elementor/wcbe1/wp-content/uploads/sites/2/2019/02/hoodie-with-zipper-2-150x150.jpg 150w, http://demo.dawnthemes.com/woocommerce-builder-elementor/wcbe1/wp-content/uploads/sites/2/2019/02/hoodie-with-zipper-2-350x350.jpg 350w, http://demo.dawnthemes.com/woocommerce-builder-elementor/wcbe1/wp-content/uploads/sites/2/2019/02/hoodie-with-zipper-2-600x600.jpg 600w, http://demo.dawnthemes.com/woocommerce-builder-elementor/wcbe1/wp-content/uploads/sites/2/2019/02/hoodie-with-zipper-2.jpg 800w" sizes="(max-width: 300px) 100vw, 300px" /><h2>Hoodie with Zipper</h2>
	&pound;45.00
</a><a href="/woocommerce-builder-elementor/wcbe1/wp-admin/admin-ajax.php?add-to-cart=15" data-quantity="1" data-product_id="15" data-product_sku="woo-hoodie-with-zipper" aria-label="Add &ldquo;Hoodie with Zipper&rdquo; to your cart" rel="nofollow">Add to cart</a></li>
<li>
	<a href="http://demo.dawnthemes.com/woocommerce-builder-elementor/wcbe1/product/logo-collection/">
	Sale!
<img width="300" height="300" src="http://demo.dawnthemes.com/woocommerce-builder-elementor/wcbe1/wp-content/uploads/sites/2/2019/02/logo-1-300x300.jpg" alt="" srcset="http://demo.dawnthemes.com/woocommerce-builder-elementor/wcbe1/wp-content/uploads/sites/2/2019/02/logo-1-300x300.jpg 300w, http://demo.dawnthemes.com/woocommerce-builder-elementor/wcbe1/wp-content/uploads/sites/2/2019/02/logo-1-150x150.jpg 150w, http://demo.dawnthemes.com/woocommerce-builder-elementor/wcbe1/wp-content/uploads/sites/2/2019/02/logo-1-350x350.jpg 350w, http://demo.dawnthemes.com/woocommerce-builder-elementor/wcbe1/wp-content/uploads/sites/2/2019/02/logo-1-600x599.jpg 600w, http://demo.dawnthemes.com/woocommerce-builder-elementor/wcbe1/wp-content/uploads/sites/2/2019/02/logo-1.jpg 800w" sizes="(max-width: 300px) 100vw, 300px" /><h2>Logo Collection</h2>
	&pound;18.00 &ndash; &pound;45.00
</a><a href="http://demo.dawnthemes.com/woocommerce-builder-elementor/wcbe1/product/logo-collection/" data-quantity="1" data-product_id="28" data-product_sku="logo-collection" aria-label="View products in the &ldquo;Logo Collection&rdquo; group" rel="nofollow">View products</a></li>
<li>
	<a href="http://demo.dawnthemes.com/woocommerce-builder-elementor/wcbe1/product/long-sleeve-tee/"><img width="300" height="300" src="http://demo.dawnthemes.com/woocommerce-builder-elementor/wcbe1/wp-content/uploads/sites/2/2019/02/long-sleeve-tee-2-300x300.jpg" alt="" srcset="http://demo.dawnthemes.com/woocommerce-builder-elementor/wcbe1/wp-content/uploads/sites/2/2019/02/long-sleeve-tee-2-300x300.jpg 300w, http://demo.dawnthemes.com/woocommerce-builder-elementor/wcbe1/wp-content/uploads/sites/2/2019/02/long-sleeve-tee-2-150x150.jpg 150w, http://demo.dawnthemes.com/woocommerce-builder-elementor/wcbe1/wp-content/uploads/sites/2/2019/02/long-sleeve-tee-2-350x350.jpg 350w, http://demo.dawnthemes.com/woocommerce-builder-elementor/wcbe1/wp-content/uploads/sites/2/2019/02/long-sleeve-tee-2-600x600.jpg 600w, http://demo.dawnthemes.com/woocommerce-builder-elementor/wcbe1/wp-content/uploads/sites/2/2019/02/long-sleeve-tee-2.jpg 801w" sizes="(max-width: 300px) 100vw, 300px" /><h2>Long Sleeve Tee</h2>
	&pound;25.00
</a><a href="/woocommerce-builder-elementor/wcbe1/wp-admin/admin-ajax.php?add-to-cart=16" data-quantity="1" data-product_id="16" data-product_sku="woo-long-sleeve-tee" aria-label="Add &ldquo;Long Sleeve Tee&rdquo; to your cart" rel="nofollow">Add to cart</a></li>
<li>
	<a href="http://demo.dawnthemes.com/woocommerce-builder-elementor/wcbe1/product/polo/"><img width="300" height="300" src="http://demo.dawnthemes.com/woocommerce-builder-elementor/wcbe1/wp-content/uploads/sites/2/2019/02/polo-2-300x300.jpg" alt="" srcset="http://demo.dawnthemes.com/woocommerce-builder-elementor/wcbe1/wp-content/uploads/sites/2/2019/02/polo-2-300x300.jpg 300w, http://demo.dawnthemes.com/woocommerce-builder-elementor/wcbe1/wp-content/uploads/sites/2/2019/02/polo-2-150x150.jpg 150w, http://demo.dawnthemes.com/woocommerce-builder-elementor/wcbe1/wp-content/uploads/sites/2/2019/02/polo-2-350x350.jpg 350w, http://demo.dawnthemes.com/woocommerce-builder-elementor/wcbe1/wp-content/uploads/sites/2/2019/02/polo-2-600x599.jpg 600w, http://demo.dawnthemes.com/woocommerce-builder-elementor/wcbe1/wp-content/uploads/sites/2/2019/02/polo-2.jpg 801w" sizes="(max-width: 300px) 100vw, 300px" /><h2>Polo</h2>
	&pound;20.00
</a><a href="/woocommerce-builder-elementor/wcbe1/wp-admin/admin-ajax.php?add-to-cart=17" data-quantity="1" data-product_id="17" data-product_sku="woo-polo" aria-label="Add &ldquo;Polo&rdquo; to your cart" rel="nofollow">Add to cart</a></li>
<li>
	<a href="http://demo.dawnthemes.com/woocommerce-builder-elementor/wcbe1/product/single/">
	Sale!
<img width="300" height="300" src="http://demo.dawnthemes.com/woocommerce-builder-elementor/wcbe1/wp-content/uploads/sites/2/2019/02/single-1-300x300.jpg" alt="" srcset="http://demo.dawnthemes.com/woocommerce-builder-elementor/wcbe1/wp-content/uploads/sites/2/2019/02/single-1-300x300.jpg 300w, http://demo.dawnthemes.com/woocommerce-builder-elementor/wcbe1/wp-content/uploads/sites/2/2019/02/single-1-150x150.jpg 150w, http://demo.dawnthemes.com/woocommerce-builder-elementor/wcbe1/wp-content/uploads/sites/2/2019/02/single-1-350x350.jpg 350w, http://demo.dawnthemes.com/woocommerce-builder-elementor/wcbe1/wp-content/uploads/sites/2/2019/02/single-1-600x600.jpg 600w, http://demo.dawnthemes.com/woocommerce-builder-elementor/wcbe1/wp-content/uploads/sites/2/2019/02/single-1.jpg 800w" sizes="(max-width: 300px) 100vw, 300px" /><h2>Single</h2>
	<del>&pound;3.00</del> <ins>&pound;2.00</ins>
</a><a href="/woocommerce-builder-elementor/wcbe1/wp-admin/admin-ajax.php?add-to-cart=19" data-quantity="1" data-product_id="19" data-product_sku="woo-single" aria-label="Add &ldquo;Single&rdquo; to your cart" rel="nofollow">Add to cart</a></li>
</ul>
			<h2>Off 50%</h2>		
			<a href="#" role="button">
						SHOP NOW
					</a>]]></content:encoded>
		<excerpt:encoded><![CDATA[]]></excerpt:encoded>
		<wp:post_id>173</wp:post_id>
		<wp:post_date><![CDATA[2019-02-17 17:56:29]]></wp:post_date>
		<wp:post_date_gmt><![CDATA[2019-02-17 17:56:29]]></wp:post_date_gmt>
		<wp:comment_status><![CDATA[closed]]></wp:comment_status>
		<wp:ping_status><![CDATA[closed]]></wp:ping_status>
		<wp:post_name><![CDATA[shop]]></wp:post_name>
		<wp:status><![CDATA[publish]]></wp:status>
		<wp:post_parent>0</wp:post_parent>
		<wp:menu_order>0</wp:menu_order>
		<wp:post_type><![CDATA[dtwcbe_woo_library]]></wp:post_type>
		<wp:post_password><![CDATA[]]></wp:post_password>
		<wp:is_sticky>0</wp:is_sticky>
										<category domain="dtwcbe_woo_library_type" nicename="product-archive"><![CDATA[product-archive]]></category>
						<wp:postmeta>
		<wp:meta_key><![CDATA[_elementor_controls_usage]]></wp:meta_key>
		<wp:meta_value><![CDATA[a:0:{}]]></wp:meta_value>
		</wp:postmeta>
							<wp:postmeta>
		<wp:meta_key><![CDATA[_us_in_content_ids]]></wp:meta_key>
		<wp:meta_value><![CDATA[]]></wp:meta_value>
		</wp:postmeta>
							<wp:postmeta>
		<wp:meta_key><![CDATA[us_og_image]]></wp:meta_key>
		<wp:meta_value><![CDATA[http://demo.dawnthemes.com/woocommerce-builder-elementor/wcbe1/wp-content/uploads/sites/2/2019/02/album-1-300x300.jpg]]></wp:meta_value>
		</wp:postmeta>
							<wp:postmeta>
		<wp:meta_key><![CDATA[_dtwcbe_edit_mode]]></wp:meta_key>
		<wp:meta_value><![CDATA[builder]]></wp:meta_value>
		</wp:postmeta>
							<wp:postmeta>
		<wp:meta_key><![CDATA[_dtwcbe_woo_template_type]]></wp:meta_key>
		<wp:meta_value><![CDATA[product-archive]]></wp:meta_value>
		</wp:postmeta>
							<wp:postmeta>
		<wp:meta_key><![CDATA[us_og_image]]></wp:meta_key>
		<wp:meta_value><![CDATA[http://demo.dawnthemes.com/woocommerce-builder-elementor/wcbe1/wp-content/uploads/sites/2/2019/02/album-1-300x300.jpg]]></wp:meta_value>
		</wp:postmeta>
							<wp:postmeta>
		<wp:meta_key><![CDATA[_elementor_edit_mode]]></wp:meta_key>
		<wp:meta_value><![CDATA[builder]]></wp:meta_value>
		</wp:postmeta>
							<wp:postmeta>
		<wp:meta_key><![CDATA[_elementor_template_type]]></wp:meta_key>
		<wp:meta_value><![CDATA[post]]></wp:meta_value>
		</wp:postmeta>
							<wp:postmeta>
		<wp:meta_key><![CDATA[_wp_page_template]]></wp:meta_key>
		<wp:meta_value><![CDATA[elementor_header_footer]]></wp:meta_value>
		</wp:postmeta>
							<wp:postmeta>
		<wp:meta_key><![CDATA[_elementor_data]]></wp:meta_key>
		<wp:meta_value><![CDATA[[{"id":"7704dd0","elType":"section","settings":{"stretch_section":"section-stretched","background_background":"classic","background_image":{"url":"http:\/\/demo.dawnthemes.com\/woocommerce-builder-elementor\/wcbe1\/wp-content\/uploads\/sites\/2\/2019\/02\/tumblr_static_fotolia_56808867_subscription_monthly_m.jpg","id":174},"background_position":"top center","background_attachment":"fixed","background_repeat":"no-repeat","background_size":"cover","padding":{"unit":"px","top":"200","right":"0","bottom":"200","left":"0","isLinked":false},"padding_tablet":{"unit":"px","top":"100","right":"0","bottom":"100","left":"0","isLinked":false},"padding_mobile":{"unit":"px","top":"60","right":"0","bottom":"60","left":"0","isLinked":false}},"elements":[{"id":"b92dd82","elType":"column","settings":{"_column_size":100},"elements":[{"id":"e1cd4aa","elType":"widget","settings":{"archive_title_typography_typography":"custom","archive_title_typography_font_weight":"500","archive_title_typography_text_transform":"uppercase"},"elements":[],"widgetType":"archive-title"},{"id":"7661b89","elType":"widget","settings":[],"elements":[],"widgetType":"breadcrumb"}],"isInner":false}],"isInner":false},{"id":"2c8a149","elType":"section","settings":{"stretch_section":"section-stretched","structure":"30","background_background":"classic","background_color":"#f5f5f5","padding":{"unit":"px","top":"60","right":"0","bottom":"60","left":"0","isLinked":false}},"elements":[{"id":"c8d738f","elType":"column","settings":{"_column_size":33,"_inline_size":null},"elements":[{"id":"a3d2dae","elType":"widget","settings":{"icon":"fa fa-map-marker","title_text":"Free Shipping Worldwide","description_text":"Lorem ipsum dolor sit amet, consectetur adipiscing elit. ","position":"left","title_size":"h6","primary_color":"#54595f","icon_size":{"unit":"px","size":30},"title_bottom_space":{"unit":"px","size":5},"title_color":"#54595f","title_typography_typography":"custom","title_typography_font_weight":"normal","title_typography_text_transform":"uppercase","description_color":"#7a7a7a","selected_icon":{"value":"fas fa-map-marker-alt","library":"fa-solid"}},"elements":[],"widgetType":"icon-box"}],"isInner":false},{"id":"81c4769","elType":"column","settings":{"_column_size":33,"_inline_size":null},"elements":[{"id":"4a87840","elType":"widget","settings":{"icon":"fa fa-credit-card","title_text":"Money Back Guarantee","description_text":"Lorem ipsum dolor sit amet, consectetur adipiscing elit. ","position":"left","title_size":"h6","primary_color":"#54595f","icon_size":{"unit":"px","size":30},"title_bottom_space":{"unit":"px","size":5},"title_color":"#54595f","title_typography_typography":"custom","title_typography_font_weight":"normal","title_typography_text_transform":"uppercase","description_color":"#7a7a7a","selected_icon":{"value":"far fa-credit-card","library":"fa-regular"}},"elements":[],"widgetType":"icon-box"}],"isInner":false},{"id":"50971e6","elType":"column","settings":{"_column_size":33,"_inline_size":null},"elements":[{"id":"b1b08b6","elType":"widget","settings":{"icon":"fa fa-support","title_text":"24\/7 Support Center","description_text":"Lorem ipsum dolor sit amet, consectetur adipiscing elit. ","position":"left","title_size":"h6","primary_color":"#54595f","icon_size":{"unit":"px","size":30},"title_bottom_space":{"unit":"px","size":5},"title_color":"#54595f","title_typography_typography":"custom","title_typography_font_weight":"normal","title_typography_text_transform":"uppercase","description_color":"#7a7a7a","selected_icon":{"value":"far fa-life-ring","library":"fa-regular"}},"elements":[],"widgetType":"icon-box"}],"isInner":false}],"isInner":false},{"id":"5713e35","elType":"section","settings":[],"elements":[{"id":"6cf26a4","elType":"column","settings":{"_column_size":100},"elements":[{"id":"98386b3","elType":"widget","settings":{"rows":3,"allow_order":"yes","show_result_count":"yes","nothing_found_message":"No products were found matching your selection.","columns_tablet":3,"columns_mobile":2},"elements":[],"widgetType":"archive-products"}],"isInner":false}],"isInner":false},{"id":"3b473d6","elType":"section","settings":[],"elements":[{"id":"4c0a1c2","elType":"column","settings":{"_column_size":100},"elements":[{"id":"1017c4c","elType":"widget","settings":[],"elements":[],"widgetType":"spacer"}],"isInner":false}],"isInner":false},{"id":"6fad492","elType":"section","settings":{"stretch_section":"section-stretched","background_background":"classic","background_image":{"url":"http:\/\/demo.dawnthemes.com\/woocommerce-builder-elementor\/wcbe1\/wp-content\/uploads\/sites\/2\/2019\/02\/light-fashion-hands-woman.jpg","id":210},"background_position":"center center","background_attachment":"fixed","background_repeat":"no-repeat","background_size":"cover","background_hover_background":"classic","background_overlay_background":"classic","background_overlay_color":"rgba(0,0,0,0.7)","background_overlay_opacity":{"unit":"px","size":0.69},"css_filters_css_filter":"custom","padding":{"unit":"px","top":"150","right":"0","bottom":"150","left":"0","isLinked":false}},"elements":[{"id":"e9c32f8","elType":"column","settings":{"_column_size":100},"elements":[{"id":"34b25fb","elType":"widget","settings":{"title":"Off 50%","align":"left","title_color":"#ffffff","typography_typography":"custom","typography_font_size":{"unit":"em","size":2.4},"typography_font_style":"oblique","typography_letter_spacing":{"unit":"px","size":3.8},"text_shadow_text_shadow_type":"yes","_margin":{"unit":"px","top":"0","right":"0","bottom":"40","left":"0","isLinked":false}},"elements":[],"widgetType":"heading"},{"id":"570f812","elType":"widget","settings":{"button_type":"warning","text":"SHOP NOW","hover_color":"#ffffff","border_radius":{"unit":"px","top":"30","right":"30","bottom":"30","left":"30","isLinked":true},"text_padding":{"unit":"px","top":"14","right":"40","bottom":"14","left":"40","isLinked":false}},"elements":[],"widgetType":"button"}],"isInner":false}],"isInner":false}]]]></wp:meta_value>
		</wp:postmeta>
							<wp:postmeta>
		<wp:meta_key><![CDATA[_elementor_version]]></wp:meta_key>
		<wp:meta_value><![CDATA[0.4]]></wp:meta_value>
		</wp:postmeta>
							<wp:postmeta>
		<wp:meta_key><![CDATA[_edit_last]]></wp:meta_key>
		<wp:meta_value><![CDATA[1]]></wp:meta_value>
		</wp:postmeta>
							<wp:postmeta>
		<wp:meta_key><![CDATA[us_header_sticky_pos]]></wp:meta_key>
		<wp:meta_value><![CDATA[]]></wp:meta_value>
		</wp:postmeta>
							<wp:postmeta>
		<wp:meta_key><![CDATA[us_titlebar_id]]></wp:meta_key>
		<wp:meta_value><![CDATA[__defaults__]]></wp:meta_value>
		</wp:postmeta>
							<wp:postmeta>
		<wp:meta_key><![CDATA[us_sidebar_id]]></wp:meta_key>
		<wp:meta_value><![CDATA[__defaults__]]></wp:meta_value>
		</wp:postmeta>
							<wp:postmeta>
		<wp:meta_key><![CDATA[us_sidebar_pos]]></wp:meta_key>
		<wp:meta_value><![CDATA[right]]></wp:meta_value>
		</wp:postmeta>
							<wp:postmeta>
		<wp:meta_key><![CDATA[us_footer_id]]></wp:meta_key>
		<wp:meta_value><![CDATA[__defaults__]]></wp:meta_value>
		</wp:postmeta>
							<wp:postmeta>
		<wp:meta_key><![CDATA[dtwcbe_condition_archive_product_is_tax]]></wp:meta_key>
		<wp:meta_value><![CDATA[173]]></wp:meta_value>
		</wp:postmeta>
							<wp:postmeta>
		<wp:meta_key><![CDATA[_elementor_controls_usage]]></wp:meta_key>
		<wp:meta_value><![CDATA[a:9:{s:13:"archive-title";a:3:{s:5:"count";i:1;s:15:"control_percent";i:1;s:8:"controls";a:1:{s:5:"style";a:1:{s:13:"section_style";a:3:{s:35:"archive_title_typography_typography";i:1;s:36:"archive_title_typography_font_weight";i:1;s:39:"archive_title_typography_text_transform";i:1;}}}}s:10:"breadcrumb";a:3:{s:5:"count";i:1;s:15:"control_percent";i:0;s:8:"controls";a:0:{}}s:6:"column";a:3:{s:5:"count";i:7;s:15:"control_percent";i:0;s:8:"controls";a:1:{s:6:"layout";a:1:{s:6:"layout";a:1:{s:12:"_inline_size";i:3;}}}}s:7:"section";a:3:{s:5:"count";i:5;s:15:"control_percent";i:4;s:8:"controls";a:3:{s:6:"layout";a:2:{s:14:"section_layout";a:1:{s:15:"stretch_section";i:3;}s:17:"section_structure";a:1:{s:9:"structure";i:1;}}s:5:"style";a:2:{s:18:"section_background";a:8:{s:21:"background_background";i:3;s:16:"background_image";i:2;s:19:"background_position";i:2;s:21:"background_attachment";i:2;s:17:"background_repeat";i:2;s:15:"background_size";i:2;s:16:"background_color";i:1;s:27:"background_hover_background";i:1;}s:26:"section_background_overlay";a:4:{s:29:"background_overlay_background";i:1;s:24:"background_overlay_color";i:1;s:26:"background_overlay_opacity";i:1;s:22:"css_filters_css_filter";i:1;}}s:8:"advanced";a:1:{s:16:"section_advanced";a:3:{s:7:"padding";i:3;s:14:"padding_tablet";i:1;s:14:"padding_mobile";i:1;}}}}s:8:"icon-box";a:3:{s:5:"count";i:3;s:15:"control_percent";i:5;s:8:"controls";a:2:{s:7:"content";a:1:{s:12:"section_icon";a:5:{s:10:"title_text";i:3;s:16:"description_text";i:3;s:8:"position";i:3;s:10:"title_size";i:3;s:13:"selected_icon";i:3;}}s:5:"style";a:2:{s:18:"section_style_icon";a:2:{s:13:"primary_color";i:3;s:9:"icon_size";i:3;}s:21:"section_style_content";a:6:{s:18:"title_bottom_space";i:3;s:11:"title_color";i:3;s:27:"title_typography_typography";i:3;s:28:"title_typography_font_weight";i:3;s:31:"title_typography_text_transform";i:3;s:17:"description_color";i:3;}}}}s:16:"archive-products";a:3:{s:5:"count";i:1;s:15:"control_percent";i:1;s:8:"controls";a:1:{s:7:"content";a:1:{s:15:"section_content";a:5:{s:4:"rows";i:1;s:11:"allow_order";i:1;s:17:"show_result_count";i:1;s:14:"columns_tablet";i:1;s:14:"columns_mobile";i:1;}}}}s:6:"spacer";a:3:{s:5:"count";i:1;s:15:"control_percent";i:0;s:8:"controls";a:0:{}}s:7:"heading";a:3:{s:5:"count";i:1;s:15:"control_percent";i:4;s:8:"controls";a:3:{s:7:"content";a:1:{s:13:"section_title";a:2:{s:5:"title";i:1;s:5:"align";i:1;}}s:5:"style";a:1:{s:19:"section_title_style";a:6:{s:11:"title_color";i:1;s:21:"typography_typography";i:1;s:20:"typography_font_size";i:1;s:21:"typography_font_style";i:1;s:25:"typography_letter_spacing";i:1;s:28:"text_shadow_text_shadow_type";i:1;}}s:8:"advanced";a:1:{s:14:"_section_style";a:1:{s:7:"_margin";i:1;}}}}s:6:"button";a:3:{s:5:"count";i:1;s:15:"control_percent";i:2;s:8:"controls";a:2:{s:7:"content";a:1:{s:14:"section_button";a:2:{s:11:"button_type";i:1;s:4:"text";i:1;}}s:5:"style";a:1:{s:13:"section_style";a:3:{s:11:"hover_color";i:1;s:13:"border_radius";i:1;s:12:"text_padding";i:1;}}}}}]]></wp:meta_value>
		</wp:postmeta>
							<wp:postmeta>
		<wp:meta_key><![CDATA[us_header_id]]></wp:meta_key>
		<wp:meta_value><![CDATA[__defaults__]]></wp:meta_value>
		</wp:postmeta>
							<wp:postmeta>
		<wp:meta_key><![CDATA[us_content_id]]></wp:meta_key>
		<wp:meta_value><![CDATA[__defaults__]]></wp:meta_value>
		</wp:postmeta>
							<wp:postmeta>
		<wp:meta_key><![CDATA[_us_in_content_ids]]></wp:meta_key>
		<wp:meta_value><![CDATA[]]></wp:meta_value>
		</wp:postmeta>
							<wp:postmeta>
		<wp:meta_key><![CDATA[us_migration_version]]></wp:meta_key>
		<wp:meta_value><![CDATA[6.0]]></wp:meta_value>
		</wp:postmeta>
							</item>
				</channel>
</rss>
	