<?xml version="1.0" encoding="UTF-8" ?>
<!-- This is a WordPress eXtended RSS file generated by WordPress as an export of your site. -->
<!-- It contains information about your site's posts, pages, comments, categories, and other content. -->
<!-- You may use this file to transfer that content from one site to another. -->
<!-- This file is not intended to serve as a complete backup of your site. -->

<!-- To import this information into a WordPress site follow these steps: -->
<!-- 1. Log in to that site as an administrator. -->
<!-- 2. Go to Tools: Import in the WordPress admin panel. -->
<!-- 3. Install the "WordPress" importer from the list. -->
<!-- 4. Activate & Run Importer. -->
<!-- 5. Upload this file using the form provided on that page. -->
<!-- 6. You will first be asked to map the authors in this export file to users -->
<!--    on the site. For each author, you may choose to map to an -->
<!--    existing user on the site or to create a new user. -->
<!-- 7. WordPress will then import each of the posts, pages, comments, categories, etc. -->
<!--    contained in this file into your site. -->

	<!-- generator="WordPress/5.3.2" created="2020-02-10 10:07" -->
<rss version="2.0"
	xmlns:excerpt="http://wordpress.org/export/1.2/excerpt/"
	xmlns:content="http://purl.org/rss/1.0/modules/content/"
	xmlns:wfw="http://wellformedweb.org/CommentAPI/"
	xmlns:dc="http://purl.org/dc/elements/1.1/"
	xmlns:wp="http://wordpress.org/export/1.2/"
>

<channel>
	<title>WooCommerce Page Builder For Elementor</title>
	<link>http://localhost/woocommerce-elementor</link>
	<description></description>
	<pubDate>Mon, 10 Feb 2020 10:07:47 +0000</pubDate>
	<language>en-US</language>
	<wp:wxr_version>1.2</wp:wxr_version>
	<wp:base_site_url>http://localhost/woocommerce-elementor/</wp:base_site_url>
	<wp:base_blog_url>http://localhost/woocommerce-elementor</wp:base_blog_url>

		<wp:author><wp:author_id>1</wp:author_id><wp:author_login><![CDATA[admin]]></wp:author_login><wp:author_email><![CDATA[dawnthemes@gmail.com]]></wp:author_email><wp:author_display_name><![CDATA[admin]]></wp:author_display_name><wp:author_first_name><![CDATA[Dawn]]></wp:author_first_name><wp:author_last_name><![CDATA[Themes]]></wp:author_last_name></wp:author>

				
	<generator>https://wordpress.org/?v=5.3.2</generator>

<image>
	<url>http://localhost/woocommerce-elementor/wp-content/uploads/2019/02/cropped-80x80-1-32x32.jpg</url>
	<title>WooCommerce Page Builder For Elementor</title>
	<link>http://localhost/woocommerce-elementor</link>
	<width>32</width>
	<height>32</height>
</image> 

		<item>
		<title>Category Layout #3</title>
		<link>http://localhost/woocommerce-elementor/?dtwcbe_woo_library=category-layout-3</link>
		<pubDate>Thu, 21 Feb 2019 07:43:56 +0000</pubDate>
		<dc:creator><![CDATA[admin]]></dc:creator>
		<guid isPermaLink="false">http://demo.dawnthemes.com/woocommerce-builder-elementor/wcbe3/?post_type=dtwcbe_woo_library&#038;p=231</guid>
		<description></description>
		<content:encoded><![CDATA[<h1>Clothing</h1>		
			<h3>The Best Unique Handmade Goods</h3>		
		<p style="text-align: center"><em>We would like to convey to you the warmth of our hearts</em></p>		
			<a href="#shop-now" role="button">
						SHOW NOW
					</a>
				<h3>
					Free Shipping &amp; Returns
				</h3>
				<p>Pellentesque in semp Suspendihendrerieros sed posuere pharetra enim ipsum convallis urna eget sollicitudin</p>
				<h3>
					Track Your Order
				</h3>
				<p>Pellentesque in semp Suspendihendrerieros sed posuere pharetra enim ipsum convallis urna eget sollicitudin</p>
				<h3>
					Online Cancellations
				</h3>
				<p>Pellentesque in semp Suspendihendrerieros sed posuere pharetra enim ipsum convallis urna eget sollicitudin</p>
			<ul>
<li>
	<a href="http://demo.dawnthemes.com/woocommerce-builder-elementor/wcbe3/product/album/"><img width="400" height="400" src="http://demo.dawnthemes.com/woocommerce-builder-elementor/wcbe3/wp-content/uploads/sites/4/2019/02/album-1-416x416.jpg" alt="" /><h2>Album</h2>
	&pound;15.00
</a><a href="/woocommerce-builder-elementor/wcbe3/wp-admin/admin-ajax.php?add-to-cart=20" data-quantity="1" aria-label="Add &ldquo;Album&rdquo; to your cart" rel="nofollow">Add to cart</a></li>
<li>
	<a href="http://demo.dawnthemes.com/woocommerce-builder-elementor/wcbe3/product/beanie/">
	Sale!
<img width="400" height="400" src="http://demo.dawnthemes.com/woocommerce-builder-elementor/wcbe3/wp-content/uploads/sites/4/2019/02/beanie-2-416x416.jpg" alt="" /><h2>Beanie</h2>
	<del>&pound;20.00</del> <ins>&pound;18.00</ins>
</a><a href="/woocommerce-builder-elementor/wcbe3/wp-admin/admin-ajax.php?add-to-cart=12" data-quantity="1" aria-label="Add &ldquo;Beanie&rdquo; to your cart" rel="nofollow">Add to cart</a></li>
<li>
	<a href="http://demo.dawnthemes.com/woocommerce-builder-elementor/wcbe3/product/beanie-with-logo/">
	Sale!
<img width="400" height="400" src="http://demo.dawnthemes.com/woocommerce-builder-elementor/wcbe3/wp-content/uploads/sites/4/2019/02/beanie-with-logo-1-416x416.jpg" alt="" /><h2>Beanie with Logo</h2>
	<del>&pound;20.00</del> <ins>&pound;18.00</ins>
</a><a href="/woocommerce-builder-elementor/wcbe3/wp-admin/admin-ajax.php?add-to-cart=29" data-quantity="1" aria-label="Add &ldquo;Beanie with Logo&rdquo; to your cart" rel="nofollow">Add to cart</a></li>
<li>
	<a href="http://demo.dawnthemes.com/woocommerce-builder-elementor/wcbe3/product/belt/">
	Sale!
<img width="400" height="400" src="http://demo.dawnthemes.com/woocommerce-builder-elementor/wcbe3/wp-content/uploads/sites/4/2019/02/belt-2-416x416.jpg" alt="" /><h2>Belt</h2>
	<del>&pound;65.00</del> <ins>&pound;55.00</ins>
</a><a href="/woocommerce-builder-elementor/wcbe3/wp-admin/admin-ajax.php?add-to-cart=13" data-quantity="1" aria-label="Add &ldquo;Belt&rdquo; to your cart" rel="nofollow">Add to cart</a></li>
<li>
	<a href="http://demo.dawnthemes.com/woocommerce-builder-elementor/wcbe3/product/long-sleeve-tee/">
	Sale!
<img width="400" height="400" src="http://demo.dawnthemes.com/woocommerce-builder-elementor/wcbe3/wp-content/uploads/sites/4/2019/02/kendall-jenner-american-fashion-model-hd-wallpaper-600x600.png" alt="" /><h2>Besiva Women&#8217;s Sheath Maroon Dress</h2>
	<del>&pound;825.00</del> <ins>&pound;625.00</ins>
</a><a href="/woocommerce-builder-elementor/wcbe3/wp-admin/admin-ajax.php?add-to-cart=18" data-quantity="1" aria-label="Add &ldquo;Besiva Women&#039;s Sheath Maroon Dress&rdquo; to your cart" rel="nofollow">Add to cart</a></li>
<li>
	<a href="http://demo.dawnthemes.com/woocommerce-builder-elementor/wcbe3/product/cap/">
	Sale!
<img width="400" height="400" src="http://demo.dawnthemes.com/woocommerce-builder-elementor/wcbe3/wp-content/uploads/sites/4/2019/02/cap-2-416x416.jpg" alt="" /><h2>Cap</h2>
	<del>&pound;18.00</del> <ins>&pound;16.00</ins>
</a><a href="/woocommerce-builder-elementor/wcbe3/wp-admin/admin-ajax.php?add-to-cart=14" data-quantity="1" aria-label="Add &ldquo;Cap&rdquo; to your cart" rel="nofollow">Add to cart</a></li>
<li>
	<a href="http://demo.dawnthemes.com/woocommerce-builder-elementor/wcbe3/product/hoodie/">
	Sale!
<img width="400" height="400" src="http://demo.dawnthemes.com/woocommerce-builder-elementor/wcbe3/wp-content/uploads/sites/4/2019/02/hoodie-2-416x416.jpg" alt="" /><h2>Hoodie</h2>
	&pound;42.00 &ndash; &pound;45.00
</a><a href="http://demo.dawnthemes.com/woocommerce-builder-elementor/wcbe3/product/hoodie/" data-quantity="1" aria-label="Select options for &ldquo;Hoodie&rdquo;" rel="nofollow">Select options</a></li>
<li>
	<a href="http://demo.dawnthemes.com/woocommerce-builder-elementor/wcbe3/product/hoodie-with-logo/"><img width="400" height="400" src="http://demo.dawnthemes.com/woocommerce-builder-elementor/wcbe3/wp-content/uploads/sites/4/2019/02/hoodie-with-logo-2-416x416.jpg" alt="" /><h2>Hoodie with Logo</h2>
	&pound;45.00
</a><a href="/woocommerce-builder-elementor/wcbe3/wp-admin/admin-ajax.php?add-to-cart=10" data-quantity="1" aria-label="Add &ldquo;Hoodie with Logo&rdquo; to your cart" rel="nofollow">Add to cart</a></li>
<li>
	<a href="http://demo.dawnthemes.com/woocommerce-builder-elementor/wcbe3/product/hoodie-with-zipper/"><img width="400" height="400" src="http://demo.dawnthemes.com/woocommerce-builder-elementor/wcbe3/wp-content/uploads/sites/4/2019/02/hoodie-with-zipper-2-416x416.jpg" alt="" /><h2>Hoodie with Zipper</h2>
	&pound;45.00
</a><a href="/woocommerce-builder-elementor/wcbe3/wp-admin/admin-ajax.php?add-to-cart=17" data-quantity="1" aria-label="Add &ldquo;Hoodie with Zipper&rdquo; to your cart" rel="nofollow">Add to cart</a></li>
<li>
	<a href="http://demo.dawnthemes.com/woocommerce-builder-elementor/wcbe3/product/logo-collection/">
	Sale!
<img width="400" height="400" src="http://demo.dawnthemes.com/woocommerce-builder-elementor/wcbe3/wp-content/uploads/sites/4/2019/02/logo-1-416x415.jpg" alt="" /><h2>Logo Collection</h2>
	&pound;18.00 &ndash; &pound;45.00
</a><a href="http://demo.dawnthemes.com/woocommerce-builder-elementor/wcbe3/product/logo-collection/" data-quantity="1" aria-label="View products in the &ldquo;Logo Collection&rdquo; group" rel="nofollow">View products</a></li>
<li>
	<a href="http://demo.dawnthemes.com/woocommerce-builder-elementor/wcbe3/product/polo/"><img width="400" height="400" src="http://demo.dawnthemes.com/woocommerce-builder-elementor/wcbe3/wp-content/uploads/sites/4/2019/02/polo-2-416x415.jpg" alt="" /><h2>Polo</h2>
	&pound;20.00
</a><a href="/woocommerce-builder-elementor/wcbe3/wp-admin/admin-ajax.php?add-to-cart=19" data-quantity="1" aria-label="Add &ldquo;Polo&rdquo; to your cart" rel="nofollow">Add to cart</a></li>
<li>
	<a href="http://demo.dawnthemes.com/woocommerce-builder-elementor/wcbe3/product/single/">
	Sale!
<img width="400" height="400" src="http://demo.dawnthemes.com/woocommerce-builder-elementor/wcbe3/wp-content/uploads/sites/4/2019/02/single-1-416x416.jpg" alt="" /><h2>Single</h2>
	<del>&pound;3.00</del> <ins>&pound;2.00</ins>
</a><a href="/woocommerce-builder-elementor/wcbe3/wp-admin/admin-ajax.php?add-to-cart=21" data-quantity="1" aria-label="Add &ldquo;Single&rdquo; to your cart" rel="nofollow">Add to cart</a></li>
</ul>
										<img width="1171" height="260" src="http://demo.dawnthemes.com/woocommerce-builder-elementor/wcbe3/wp-content/uploads/sites/4/2019/02/04_Categories.jpg" alt="" />]]></content:encoded>
		<excerpt:encoded><![CDATA[]]></excerpt:encoded>
		<wp:post_id>231</wp:post_id>
		<wp:post_date><![CDATA[2019-02-21 07:43:56]]></wp:post_date>
		<wp:post_date_gmt><![CDATA[2019-02-21 07:43:56]]></wp:post_date_gmt>
		<wp:comment_status><![CDATA[closed]]></wp:comment_status>
		<wp:ping_status><![CDATA[closed]]></wp:ping_status>
		<wp:post_name><![CDATA[category-layout-3]]></wp:post_name>
		<wp:status><![CDATA[publish]]></wp:status>
		<wp:post_parent>0</wp:post_parent>
		<wp:menu_order>0</wp:menu_order>
		<wp:post_type><![CDATA[dtwcbe_woo_library]]></wp:post_type>
		<wp:post_password><![CDATA[]]></wp:post_password>
		<wp:is_sticky>0</wp:is_sticky>
										<category domain="dtwcbe_woo_library_type" nicename="product-archive"><![CDATA[product-archive]]></category>
						<wp:postmeta>
		<wp:meta_key><![CDATA[_elementor_controls_usage]]></wp:meta_key>
		<wp:meta_value><![CDATA[a:0:{}]]></wp:meta_value>
		</wp:postmeta>
							<wp:postmeta>
		<wp:meta_key><![CDATA[_us_in_content_ids]]></wp:meta_key>
		<wp:meta_value><![CDATA[]]></wp:meta_value>
		</wp:postmeta>
							<wp:postmeta>
		<wp:meta_key><![CDATA[us_og_image]]></wp:meta_key>
		<wp:meta_value><![CDATA[http://demo.dawnthemes.com/woocommerce-builder-elementor/wcbe3/wp-content/uploads/sites/4/2019/02/album-1-416x416.jpg]]></wp:meta_value>
		</wp:postmeta>
							<wp:postmeta>
		<wp:meta_key><![CDATA[_dtwcbe_edit_mode]]></wp:meta_key>
		<wp:meta_value><![CDATA[builder]]></wp:meta_value>
		</wp:postmeta>
							<wp:postmeta>
		<wp:meta_key><![CDATA[_dtwcbe_woo_template_type]]></wp:meta_key>
		<wp:meta_value><![CDATA[product-archive]]></wp:meta_value>
		</wp:postmeta>
							<wp:postmeta>
		<wp:meta_key><![CDATA[us_og_image]]></wp:meta_key>
		<wp:meta_value><![CDATA[http://demo.dawnthemes.com/woocommerce-builder-elementor/wcbe3/wp-content/uploads/sites/4/2019/02/album-1-416x416.jpg]]></wp:meta_value>
		</wp:postmeta>
							<wp:postmeta>
		<wp:meta_key><![CDATA[_elementor_edit_mode]]></wp:meta_key>
		<wp:meta_value><![CDATA[builder]]></wp:meta_value>
		</wp:postmeta>
							<wp:postmeta>
		<wp:meta_key><![CDATA[_elementor_template_type]]></wp:meta_key>
		<wp:meta_value><![CDATA[post]]></wp:meta_value>
		</wp:postmeta>
							<wp:postmeta>
		<wp:meta_key><![CDATA[_wp_page_template]]></wp:meta_key>
		<wp:meta_value><![CDATA[elementor_header_footer]]></wp:meta_value>
		</wp:postmeta>
							<wp:postmeta>
		<wp:meta_key><![CDATA[_elementor_data]]></wp:meta_key>
		<wp:meta_value><![CDATA[[{"id":"e4c7ee5","elType":"section","settings":{"stretch_section":"section-stretched","background_background":"classic","background_color":"#f5f5f5","padding":{"unit":"px","top":"100","right":"0","bottom":"100","left":"0","isLinked":false},"padding_tablet":{"unit":"px","top":"80","right":"0","bottom":"80","left":"0","isLinked":false},"padding_mobile":{"unit":"px","top":"40","right":"0","bottom":"40","left":"0","isLinked":false}},"elements":[{"id":"15e57a9","elType":"column","settings":{"_column_size":100},"elements":[{"id":"2eb6c49","elType":"widget","settings":{"archive_title_color":"#000000","archive_title_align":"center"},"elements":[],"widgetType":"archive-title"},{"id":"681f92a","elType":"widget","settings":{"title":"The Best Unique Handmade Goods","header_size":"h3","align":"center","title_color":"#7a7a7a","_margin":{"unit":"px","top":"30","right":"0","bottom":"0","left":"0","isLinked":false},"_margin_mobile":{"unit":"px","top":"20","right":"0","bottom":"0","left":"0","isLinked":false}},"elements":[],"widgetType":"heading"},{"id":"f8377bb","elType":"widget","settings":{"editor":"<p style=\"text-align: center;\"><em>We would like to convey to you the warmth of our hearts<\/em><\/p>","_margin":{"unit":"px","top":"30","right":"0","bottom":"0","left":"0","isLinked":false},"_margin_mobile":{"unit":"px","top":"20","right":"0","bottom":"0","left":"0","isLinked":false}},"elements":[],"widgetType":"text-editor"},{"id":"bbb3cf3","elType":"widget","settings":{"text":"SHOW NOW","link":{"url":"#shop-now","is_external":"","nofollow":""},"align":"center","button_text_color":"#ffffff","background_color":"#4054b2","_margin":{"unit":"px","top":"0","right":"0","bottom":"0","left":"0","isLinked":false}},"elements":[],"widgetType":"button"}],"isInner":false}],"isInner":false},{"id":"d7be84a","elType":"section","settings":{"stretch_section":"section-stretched","gap":"wide","structure":"30","background_background":"classic","background_color":"#f5f5f5","padding":{"unit":"px","top":"0","right":"0","bottom":"30","left":"0","isLinked":false}},"elements":[{"id":"e123669","elType":"column","settings":{"_column_size":33,"_inline_size":null,"background_background":"classic","background_color":"#ffffff","margin":{"unit":"px","top":"20","right":"20","bottom":"20","left":"20","isLinked":true}},"elements":[{"id":"f1f5458","elType":"widget","settings":{"icon":"fa fa-ambulance","title_text":"Free Shipping & Returns","description_text":"Pellentesque in semp Suspendihendrerieros sed posuere pharetra enim ipsum convallis urna eget sollicitudin","primary_color":"#e95095","text_align":"center","title_color":"#e95095","title_typography_typography":"custom","title_typography_font_size":{"unit":"px","size":20},"selected_icon":{"value":"fas fa-ambulance","library":"fa-solid"}},"elements":[],"widgetType":"icon-box"}],"isInner":false},{"id":"6ad06cf","elType":"column","settings":{"_column_size":33,"_inline_size":null,"background_background":"classic","background_color":"#ffffff","margin":{"unit":"px","top":"20","right":"20","bottom":"20","left":"20","isLinked":true}},"elements":[{"id":"c9c5eea","elType":"widget","settings":{"icon":"fa fa-hand-o-right","title_text":"Track Your Order","description_text":"Pellentesque in semp Suspendihendrerieros sed posuere pharetra enim ipsum convallis urna eget sollicitudin","primary_color":"#e95095","text_align":"center","title_color":"#e95095","title_typography_typography":"custom","title_typography_font_size":{"unit":"px","size":20},"selected_icon":{"value":"far fa-hand-point-right","library":"fa-regular"}},"elements":[],"widgetType":"icon-box"}],"isInner":false},{"id":"6700571","elType":"column","settings":{"_column_size":33,"_inline_size":null,"background_background":"classic","background_color":"#ffffff","margin":{"unit":"px","top":"20","right":"20","bottom":"20","left":"20","isLinked":true}},"elements":[{"id":"b46186f","elType":"widget","settings":{"icon":"fa fa-window-close-o","title_text":"Online Cancellations","description_text":"Pellentesque in semp Suspendihendrerieros sed posuere pharetra enim ipsum convallis urna eget sollicitudin","primary_color":"#e95095","text_align":"center","title_color":"#e95095","title_typography_typography":"custom","title_typography_font_size":{"unit":"px","size":20},"selected_icon":{"value":"far fa-window-close","library":"fa-regular"}},"elements":[],"widgetType":"icon-box"}],"isInner":false}],"isInner":false},{"id":"a0ca93c","elType":"section","settings":{"stretch_section":"section-stretched","background_background":"classic","background_color":"#f5f5f5"},"elements":[{"id":"2cb79e5","elType":"column","settings":{"_column_size":100},"elements":[{"id":"f729cb6","elType":"widget","settings":{"columns_tablet":3,"columns_mobile":2,"rows":3,"nothing_found_message":"No products were found matching your selection."},"elements":[],"widgetType":"archive-products"}],"isInner":false}],"isInner":false},{"id":"f3d8d8a","elType":"section","settings":{"stretch_section":"section-stretched","background_background":"classic","background_color":"#f5f5f5"},"elements":[{"id":"2ea3784","elType":"column","settings":{"_column_size":100},"elements":[{"id":"15c619e","elType":"widget","settings":{"space":{"unit":"px","size":30}},"elements":[],"widgetType":"spacer"}],"isInner":false}],"isInner":false},{"id":"a9a8ca8","elType":"section","settings":{"stretch_section":"section-stretched","background_background":"classic","background_color":"#f5f5f5"},"elements":[{"id":"d0ad015","elType":"column","settings":{"_column_size":100},"elements":[{"id":"315b309","elType":"widget","settings":{"image":{"url":"http:\/\/demo.dawnthemes.com\/woocommerce-builder-elementor\/wcbe3\/wp-content\/uploads\/sites\/4\/2019\/02\/04_Categories.jpg","id":192},"image_size":"full"},"elements":[],"widgetType":"image"}],"isInner":false}],"isInner":false}]]]></wp:meta_value>
		</wp:postmeta>
							<wp:postmeta>
		<wp:meta_key><![CDATA[_elementor_version]]></wp:meta_key>
		<wp:meta_value><![CDATA[0.4]]></wp:meta_value>
		</wp:postmeta>
							<wp:postmeta>
		<wp:meta_key><![CDATA[_edit_last]]></wp:meta_key>
		<wp:meta_value><![CDATA[1]]></wp:meta_value>
		</wp:postmeta>
							<wp:postmeta>
		<wp:meta_key><![CDATA[us_header_sticky_pos]]></wp:meta_key>
		<wp:meta_value><![CDATA[]]></wp:meta_value>
		</wp:postmeta>
							<wp:postmeta>
		<wp:meta_key><![CDATA[us_titlebar_id]]></wp:meta_key>
		<wp:meta_value><![CDATA[__defaults__]]></wp:meta_value>
		</wp:postmeta>
							<wp:postmeta>
		<wp:meta_key><![CDATA[us_sidebar_id]]></wp:meta_key>
		<wp:meta_value><![CDATA[__defaults__]]></wp:meta_value>
		</wp:postmeta>
							<wp:postmeta>
		<wp:meta_key><![CDATA[us_sidebar_pos]]></wp:meta_key>
		<wp:meta_value><![CDATA[right]]></wp:meta_value>
		</wp:postmeta>
							<wp:postmeta>
		<wp:meta_key><![CDATA[us_footer_id]]></wp:meta_key>
		<wp:meta_value><![CDATA[__defaults__]]></wp:meta_value>
		</wp:postmeta>
							<wp:postmeta>
		<wp:meta_key><![CDATA[dtwcbe_condition_archive_product_is_tax]]></wp:meta_key>
		<wp:meta_value><![CDATA[product_cat]]></wp:meta_value>
		</wp:postmeta>
							<wp:postmeta>
		<wp:meta_key><![CDATA[dtwcbe_condition_archive_product_in_cat]]></wp:meta_key>
		<wp:meta_value><![CDATA[clothing]]></wp:meta_value>
		</wp:postmeta>
							<wp:postmeta>
		<wp:meta_key><![CDATA[_elementor_controls_usage]]></wp:meta_key>
		<wp:meta_value><![CDATA[a:10:{s:13:"archive-title";a:3:{s:5:"count";i:1;s:15:"control_percent";i:1;s:8:"controls";a:1:{s:5:"style";a:1:{s:13:"section_style";a:2:{s:19:"archive_title_color";i:1;s:19:"archive_title_align";i:1;}}}}s:7:"heading";a:3:{s:5:"count";i:1;s:15:"control_percent";i:3;s:8:"controls";a:3:{s:7:"content";a:1:{s:13:"section_title";a:3:{s:5:"title";i:1;s:11:"header_size";i:1;s:5:"align";i:1;}}s:5:"style";a:1:{s:19:"section_title_style";a:1:{s:11:"title_color";i:1;}}s:8:"advanced";a:1:{s:14:"_section_style";a:2:{s:7:"_margin";i:1;s:14:"_margin_mobile";i:1;}}}}s:11:"text-editor";a:3:{s:5:"count";i:1;s:15:"control_percent";i:1;s:8:"controls";a:2:{s:7:"content";a:1:{s:14:"section_editor";a:1:{s:6:"editor";i:1;}}s:8:"advanced";a:1:{s:14:"_section_style";a:2:{s:7:"_margin";i:1;s:14:"_margin_mobile";i:1;}}}}s:6:"button";a:3:{s:5:"count";i:1;s:15:"control_percent";i:3;s:8:"controls";a:3:{s:7:"content";a:1:{s:14:"section_button";a:3:{s:4:"text";i:1;s:4:"link";i:1;s:5:"align";i:1;}}s:5:"style";a:1:{s:13:"section_style";a:2:{s:17:"button_text_color";i:1;s:16:"background_color";i:1;}}s:8:"advanced";a:1:{s:14:"_section_style";a:1:{s:7:"_margin";i:1;}}}}s:6:"column";a:3:{s:5:"count";i:7;s:15:"control_percent";i:0;s:8:"controls";a:3:{s:6:"layout";a:1:{s:6:"layout";a:1:{s:12:"_inline_size";i:3;}}s:5:"style";a:1:{s:13:"section_style";a:2:{s:21:"background_background";i:3;s:16:"background_color";i:3;}}s:8:"advanced";a:1:{s:16:"section_advanced";a:1:{s:6:"margin";i:3;}}}}s:7:"section";a:3:{s:5:"count";i:5;s:15:"control_percent";i:1;s:8:"controls";a:3:{s:6:"layout";a:2:{s:14:"section_layout";a:2:{s:15:"stretch_section";i:5;s:3:"gap";i:1;}s:17:"section_structure";a:1:{s:9:"structure";i:1;}}s:5:"style";a:1:{s:18:"section_background";a:2:{s:21:"background_background";i:5;s:16:"background_color";i:5;}}s:8:"advanced";a:1:{s:16:"section_advanced";a:3:{s:7:"padding";i:2;s:14:"padding_tablet";i:1;s:14:"padding_mobile";i:1;}}}}s:8:"icon-box";a:3:{s:5:"count";i:3;s:15:"control_percent";i:3;s:8:"controls";a:2:{s:7:"content";a:1:{s:12:"section_icon";a:3:{s:10:"title_text";i:3;s:16:"description_text";i:3;s:13:"selected_icon";i:3;}}s:5:"style";a:2:{s:18:"section_style_icon";a:1:{s:13:"primary_color";i:3;}s:21:"section_style_content";a:4:{s:10:"text_align";i:3;s:11:"title_color";i:3;s:27:"title_typography_typography";i:3;s:26:"title_typography_font_size";i:3;}}}}s:16:"archive-products";a:3:{s:5:"count";i:1;s:15:"control_percent";i:1;s:8:"controls";a:1:{s:7:"content";a:1:{s:15:"section_content";a:3:{s:14:"columns_tablet";i:1;s:14:"columns_mobile";i:1;s:4:"rows";i:1;}}}}s:6:"spacer";a:3:{s:5:"count";i:1;s:15:"control_percent";i:1;s:8:"controls";a:1:{s:7:"content";a:1:{s:14:"section_spacer";a:1:{s:5:"space";i:1;}}}}s:5:"image";a:3:{s:5:"count";i:1;s:15:"control_percent";i:1;s:8:"controls";a:1:{s:7:"content";a:1:{s:13:"section_image";a:2:{s:5:"image";i:1;s:10:"image_size";i:1;}}}}}]]></wp:meta_value>
		</wp:postmeta>
							<wp:postmeta>
		<wp:meta_key><![CDATA[us_header_id]]></wp:meta_key>
		<wp:meta_value><![CDATA[__defaults__]]></wp:meta_value>
		</wp:postmeta>
							<wp:postmeta>
		<wp:meta_key><![CDATA[us_content_id]]></wp:meta_key>
		<wp:meta_value><![CDATA[__defaults__]]></wp:meta_value>
		</wp:postmeta>
							<wp:postmeta>
		<wp:meta_key><![CDATA[_us_in_content_ids]]></wp:meta_key>
		<wp:meta_value><![CDATA[]]></wp:meta_value>
		</wp:postmeta>
							<wp:postmeta>
		<wp:meta_key><![CDATA[us_migration_version]]></wp:meta_key>
		<wp:meta_value><![CDATA[6.0]]></wp:meta_value>
		</wp:postmeta>
							</item>
				</channel>
</rss>
	