<?xml version="1.0" encoding="UTF-8" ?>
<!-- This is a WordPress eXtended RSS file generated by WordPress as an export of your site. -->
<!-- It contains information about your site's posts, pages, comments, categories, and other content. -->
<!-- You may use this file to transfer that content from one site to another. -->
<!-- This file is not intended to serve as a complete backup of your site. -->

<!-- To import this information into a WordPress site follow these steps: -->
<!-- 1. Log in to that site as an administrator. -->
<!-- 2. Go to Tools: Import in the WordPress admin panel. -->
<!-- 3. Install the "WordPress" importer from the list. -->
<!-- 4. Activate & Run Importer. -->
<!-- 5. Upload this file using the form provided on that page. -->
<!-- 6. You will first be asked to map the authors in this export file to users -->
<!--    on the site. For each author, you may choose to map to an -->
<!--    existing user on the site or to create a new user. -->
<!-- 7. WordPress will then import each of the posts, pages, comments, categories, etc. -->
<!--    contained in this file into your site. -->

	<!-- generator="WordPress/5.3.2" created="2020-02-10 10:08" -->
<rss version="2.0"
	xmlns:excerpt="http://wordpress.org/export/1.2/excerpt/"
	xmlns:content="http://purl.org/rss/1.0/modules/content/"
	xmlns:wfw="http://wellformedweb.org/CommentAPI/"
	xmlns:dc="http://purl.org/dc/elements/1.1/"
	xmlns:wp="http://wordpress.org/export/1.2/"
>

<channel>
	<title>WooCommerce Page Builder For Elementor</title>
	<link>http://localhost/woocommerce-elementor</link>
	<description></description>
	<pubDate>Mon, 10 Feb 2020 10:08:16 +0000</pubDate>
	<language>en-US</language>
	<wp:wxr_version>1.2</wp:wxr_version>
	<wp:base_site_url>http://localhost/woocommerce-elementor/</wp:base_site_url>
	<wp:base_blog_url>http://localhost/woocommerce-elementor</wp:base_blog_url>

		<wp:author><wp:author_id>1</wp:author_id><wp:author_login><![CDATA[admin]]></wp:author_login><wp:author_email><![CDATA[dawnthemes@gmail.com]]></wp:author_email><wp:author_display_name><![CDATA[admin]]></wp:author_display_name><wp:author_first_name><![CDATA[Dawn]]></wp:author_first_name><wp:author_last_name><![CDATA[Themes]]></wp:author_last_name></wp:author>

				
	<generator>https://wordpress.org/?v=5.3.2</generator>

<image>
	<url>http://localhost/woocommerce-elementor/wp-content/uploads/2019/02/cropped-80x80-1-32x32.jpg</url>
	<title>WooCommerce Page Builder For Elementor</title>
	<link>http://localhost/woocommerce-elementor</link>
	<width>32</width>
	<height>32</height>
</image> 

		<item>
		<title>Checkout Layout #3</title>
		<link>http://localhost/woocommerce-elementor/?dtwcbe_woo_library=checkout-layout-3</link>
		<pubDate>Thu, 21 Feb 2019 15:01:50 +0000</pubDate>
		<dc:creator><![CDATA[admin]]></dc:creator>
		<guid isPermaLink="false">http://demo.dawnthemes.com/woocommerce-builder-elementor/wcbe3/?post_type=dtwcbe_woo_library&#038;p=281</guid>
		<description></description>
		<content:encoded><![CDATA[<h2>Add
Your
Heading
Text
Here</h2>		
				<h3>
					This is the heading
				</h3>
				<p>Click edit button to change this text. Lorem ipsum dolor sit amet, consectetur adipiscing elit. Ut elit tellus, luctus nec ullamcorper mattis, pulvinar dapibus leo.</p>
				<h3>
					This is the heading
				</h3>
				<p>Click edit button to change this text. Lorem ipsum dolor sit amet, consectetur adipiscing elit. Ut elit tellus, luctus nec ullamcorper mattis, pulvinar dapibus leo.</p>
				<h3>
					This is the heading
				</h3>
				<p>Click edit button to change this text. Lorem ipsum dolor sit amet, consectetur adipiscing elit. Ut elit tellus, luctus nec ullamcorper mattis, pulvinar dapibus leo.</p>]]></content:encoded>
		<excerpt:encoded><![CDATA[]]></excerpt:encoded>
		<wp:post_id>281</wp:post_id>
		<wp:post_date><![CDATA[2019-02-21 15:01:50]]></wp:post_date>
		<wp:post_date_gmt><![CDATA[2019-02-21 15:01:50]]></wp:post_date_gmt>
		<wp:comment_status><![CDATA[closed]]></wp:comment_status>
		<wp:ping_status><![CDATA[closed]]></wp:ping_status>
		<wp:post_name><![CDATA[checkout-layout-3]]></wp:post_name>
		<wp:status><![CDATA[publish]]></wp:status>
		<wp:post_parent>0</wp:post_parent>
		<wp:menu_order>0</wp:menu_order>
		<wp:post_type><![CDATA[dtwcbe_woo_library]]></wp:post_type>
		<wp:post_password><![CDATA[]]></wp:post_password>
		<wp:is_sticky>0</wp:is_sticky>
										<category domain="dtwcbe_woo_library_type" nicename="checkout-page"><![CDATA[checkout-page]]></category>
						<wp:postmeta>
		<wp:meta_key><![CDATA[_elementor_controls_usage]]></wp:meta_key>
		<wp:meta_value><![CDATA[a:0:{}]]></wp:meta_value>
		</wp:postmeta>
							<wp:postmeta>
		<wp:meta_key><![CDATA[_us_in_content_ids]]></wp:meta_key>
		<wp:meta_value><![CDATA[]]></wp:meta_value>
		</wp:postmeta>
							<wp:postmeta>
		<wp:meta_key><![CDATA[us_og_image]]></wp:meta_key>
		<wp:meta_value><![CDATA[]]></wp:meta_value>
		</wp:postmeta>
							<wp:postmeta>
		<wp:meta_key><![CDATA[_dtwcbe_edit_mode]]></wp:meta_key>
		<wp:meta_value><![CDATA[builder]]></wp:meta_value>
		</wp:postmeta>
							<wp:postmeta>
		<wp:meta_key><![CDATA[_dtwcbe_woo_template_type]]></wp:meta_key>
		<wp:meta_value><![CDATA[checkout-page]]></wp:meta_value>
		</wp:postmeta>
							<wp:postmeta>
		<wp:meta_key><![CDATA[us_og_image]]></wp:meta_key>
		<wp:meta_value><![CDATA[]]></wp:meta_value>
		</wp:postmeta>
							<wp:postmeta>
		<wp:meta_key><![CDATA[_elementor_edit_mode]]></wp:meta_key>
		<wp:meta_value><![CDATA[builder]]></wp:meta_value>
		</wp:postmeta>
							<wp:postmeta>
		<wp:meta_key><![CDATA[_elementor_template_type]]></wp:meta_key>
		<wp:meta_value><![CDATA[post]]></wp:meta_value>
		</wp:postmeta>
							<wp:postmeta>
		<wp:meta_key><![CDATA[_wp_page_template]]></wp:meta_key>
		<wp:meta_value><![CDATA[elementor_header_footer]]></wp:meta_value>
		</wp:postmeta>
							<wp:postmeta>
		<wp:meta_key><![CDATA[_elementor_data]]></wp:meta_key>
		<wp:meta_value><![CDATA[[{"id":"e5b5063","elType":"section","settings":{"stretch_section":"section-stretched","layout":"full_width","structure":"32","background_background":"classic","background_color":"#f5f5f5","padding":{"unit":"px","top":"0","right":"0","bottom":"0","left":"0","isLinked":true}},"elements":[{"id":"055ce6e","elType":"column","settings":{"_column_size":50,"_inline_size":66,"padding":{"unit":"px","top":"60","right":"60","bottom":"60","left":"60","isLinked":true},"padding_tablet":{"unit":"px","top":"10","right":"10","bottom":"10","left":"10","isLinked":true},"padding_mobile":{"unit":"px","top":"15","right":"15","bottom":"15","left":"15","isLinked":true}},"elements":[{"id":"8dda343","elType":"section","settings":{"gap":"wide","structure":"20"},"elements":[{"id":"4a6e16f","elType":"column","settings":{"_column_size":50,"_inline_size":null},"elements":[{"id":"4b6ed79","elType":"widget","settings":[],"elements":[],"widgetType":"form-billing"}],"isInner":true},{"id":"a39d0db","elType":"column","settings":{"_column_size":50,"_inline_size":null},"elements":[{"id":"e2dcd42","elType":"widget","settings":[],"elements":[],"widgetType":"review-order"},{"id":"a92cb48","elType":"widget","settings":[],"elements":[],"widgetType":"form-shipping"}],"isInner":true}],"isInner":true},{"id":"905f622","elType":"widget","settings":[],"elements":[],"widgetType":"spacer"}],"isInner":false},{"id":"245b0cb","elType":"column","settings":{"_column_size":25,"_inline_size":14.494,"content_position":"center","background_background":"classic","background_image":{"url":"http:\/\/demo.dawnthemes.com\/woocommerce-builder-elementor\/wcbe3\/wp-content\/uploads\/sites\/4\/2019\/02\/shopping.jpg","id":108},"background_position":"center center","background_repeat":"no-repeat","background_size":"cover","background_overlay_background":"classic","background_overlay_color":"rgba(255,255,255,0)","padding_mobile":{"unit":"px","top":"80","right":"10","bottom":"80","left":"10","isLinked":false}},"elements":[{"id":"cce4d89","elType":"widget","settings":{"title":"Add\nYour\nHeading\nText\nHere","align":"center","title_color":"#ffffff","typography_typography":"custom","text_shadow_text_shadow_type":"yes"},"elements":[],"widgetType":"heading"}],"isInner":false},{"id":"fc71e9f","elType":"column","settings":{"_column_size":25,"_inline_size":19.506,"content_position":"center","background_color":"#ffffff"},"elements":[{"id":"d1570ce","elType":"widget","settings":{"view":"stacked","title_text":"This is the heading","description_text":"Click edit button to change this text. Lorem ipsum dolor sit amet, consectetur adipiscing elit. Ut elit tellus, luctus nec ullamcorper mattis, pulvinar dapibus leo.","_animation":"zoomIn","_animation_delay":100},"elements":[],"widgetType":"icon-box"},{"id":"74ffb4d","elType":"widget","settings":{"icon":"fa fa-flag","view":"framed","shape":"square","title_text":"This is the heading","description_text":"Click edit button to change this text. Lorem ipsum dolor sit amet, consectetur adipiscing elit. Ut elit tellus, luctus nec ullamcorper mattis, pulvinar dapibus leo.","_animation":"zoomIn","_animation_delay":300,"_margin":{"unit":"px","top":"30","right":"0","bottom":"0","left":"0","isLinked":false},"selected_icon":{"value":"fas fa-flag","library":"fa-solid"}},"elements":[],"widgetType":"icon-box"},{"id":"361dacb","elType":"widget","settings":{"icon":"fa fa-pencil-square-o","view":"framed","title_text":"This is the heading","description_text":"Click edit button to change this text. Lorem ipsum dolor sit amet, consectetur adipiscing elit. Ut elit tellus, luctus nec ullamcorper mattis, pulvinar dapibus leo.","_animation":"zoomIn","_animation_delay":500,"_margin":{"unit":"px","top":"30","right":"0","bottom":"0","left":"0","isLinked":false},"selected_icon":{"value":"far fa-edit","library":"fa-regular"}},"elements":[],"widgetType":"icon-box"}],"isInner":false}],"isInner":false}]]]></wp:meta_value>
		</wp:postmeta>
							<wp:postmeta>
		<wp:meta_key><![CDATA[_elementor_version]]></wp:meta_key>
		<wp:meta_value><![CDATA[0.4]]></wp:meta_value>
		</wp:postmeta>
							<wp:postmeta>
		<wp:meta_key><![CDATA[_elementor_controls_usage]]></wp:meta_key>
		<wp:meta_value><![CDATA[a:8:{s:12:"form-billing";a:3:{s:5:"count";i:1;s:15:"control_percent";i:0;s:8:"controls";a:0:{}}s:6:"column";a:3:{s:5:"count";i:5;s:15:"control_percent";i:1;s:8:"controls";a:3:{s:6:"layout";a:1:{s:6:"layout";a:2:{s:12:"_inline_size";i:5;s:16:"content_position";i:2;}}s:8:"advanced";a:1:{s:16:"section_advanced";a:3:{s:7:"padding";i:1;s:14:"padding_tablet";i:1;s:14:"padding_mobile";i:2;}}s:5:"style";a:2:{s:13:"section_style";a:6:{s:21:"background_background";i:1;s:16:"background_image";i:1;s:19:"background_position";i:1;s:17:"background_repeat";i:1;s:15:"background_size";i:1;s:16:"background_color";i:1;}s:26:"section_background_overlay";a:2:{s:29:"background_overlay_background";i:1;s:24:"background_overlay_color";i:1;}}}}s:12:"review-order";a:3:{s:5:"count";i:1;s:15:"control_percent";i:0;s:8:"controls";a:0:{}}s:13:"form-shipping";a:3:{s:5:"count";i:1;s:15:"control_percent";i:0;s:8:"controls";a:0:{}}s:7:"section";a:3:{s:5:"count";i:2;s:15:"control_percent";i:2;s:8:"controls";a:3:{s:6:"layout";a:2:{s:14:"section_layout";a:3:{s:3:"gap";i:1;s:15:"stretch_section";i:1;s:6:"layout";i:1;}s:17:"section_structure";a:1:{s:9:"structure";i:2;}}s:5:"style";a:1:{s:18:"section_background";a:2:{s:21:"background_background";i:1;s:16:"background_color";i:1;}}s:8:"advanced";a:1:{s:16:"section_advanced";a:1:{s:7:"padding";i:1;}}}}s:6:"spacer";a:3:{s:5:"count";i:1;s:15:"control_percent";i:0;s:8:"controls";a:0:{}}s:7:"heading";a:3:{s:5:"count";i:1;s:15:"control_percent";i:2;s:8:"controls";a:2:{s:7:"content";a:1:{s:13:"section_title";a:2:{s:5:"title";i:1;s:5:"align";i:1;}}s:5:"style";a:1:{s:19:"section_title_style";a:3:{s:11:"title_color";i:1;s:21:"typography_typography";i:1;s:28:"text_shadow_text_shadow_type";i:1;}}}}s:8:"icon-box";a:3:{s:5:"count";i:3;s:15:"control_percent";i:2;s:8:"controls";a:2:{s:7:"content";a:1:{s:12:"section_icon";a:4:{s:4:"view";i:3;s:16:"description_text";i:3;s:5:"shape";i:1;s:13:"selected_icon";i:2;}}s:8:"advanced";a:2:{s:15:"section_effects";a:2:{s:10:"_animation";i:3;s:16:"_animation_delay";i:3;}s:14:"_section_style";a:1:{s:7:"_margin";i:2;}}}}}]]></wp:meta_value>
		</wp:postmeta>
							<wp:postmeta>
		<wp:meta_key><![CDATA[us_header_id]]></wp:meta_key>
		<wp:meta_value><![CDATA[__defaults__]]></wp:meta_value>
		</wp:postmeta>
							<wp:postmeta>
		<wp:meta_key><![CDATA[us_titlebar_id]]></wp:meta_key>
		<wp:meta_value><![CDATA[__defaults__]]></wp:meta_value>
		</wp:postmeta>
							<wp:postmeta>
		<wp:meta_key><![CDATA[us_content_id]]></wp:meta_key>
		<wp:meta_value><![CDATA[__defaults__]]></wp:meta_value>
		</wp:postmeta>
							<wp:postmeta>
		<wp:meta_key><![CDATA[us_sidebar_id]]></wp:meta_key>
		<wp:meta_value><![CDATA[__defaults__]]></wp:meta_value>
		</wp:postmeta>
							<wp:postmeta>
		<wp:meta_key><![CDATA[us_sidebar_pos]]></wp:meta_key>
		<wp:meta_value><![CDATA[right]]></wp:meta_value>
		</wp:postmeta>
							<wp:postmeta>
		<wp:meta_key><![CDATA[us_footer_id]]></wp:meta_key>
		<wp:meta_value><![CDATA[__defaults__]]></wp:meta_value>
		</wp:postmeta>
							<wp:postmeta>
		<wp:meta_key><![CDATA[_us_in_content_ids]]></wp:meta_key>
		<wp:meta_value><![CDATA[]]></wp:meta_value>
		</wp:postmeta>
							<wp:postmeta>
		<wp:meta_key><![CDATA[us_migration_version]]></wp:meta_key>
		<wp:meta_value><![CDATA[6.0]]></wp:meta_value>
		</wp:postmeta>
							</item>
				</channel>
</rss>
	