<?xml version="1.0" encoding="UTF-8" ?>
<!-- This is a WordPress eXtended RSS file generated by WordPress as an export of your site. -->
<!-- It contains information about your site's posts, pages, comments, categories, and other content. -->
<!-- You may use this file to transfer that content from one site to another. -->
<!-- This file is not intended to serve as a complete backup of your site. -->

<!-- To import this information into a WordPress site follow these steps: -->
<!-- 1. Log in to that site as an administrator. -->
<!-- 2. Go to Tools: Import in the WordPress admin panel. -->
<!-- 3. Install the "WordPress" importer from the list. -->
<!-- 4. Activate & Run Importer. -->
<!-- 5. Upload this file using the form provided on that page. -->
<!-- 6. You will first be asked to map the authors in this export file to users -->
<!--    on the site. For each author, you may choose to map to an -->
<!--    existing user on the site or to create a new user. -->
<!-- 7. WordPress will then import each of the posts, pages, comments, categories, etc. -->
<!--    contained in this file into your site. -->

	<!-- generator="WordPress/5.3.2" created="2020-02-10 10:03" -->
<rss version="2.0"
	xmlns:excerpt="http://wordpress.org/export/1.2/excerpt/"
	xmlns:content="http://purl.org/rss/1.0/modules/content/"
	xmlns:wfw="http://wellformedweb.org/CommentAPI/"
	xmlns:dc="http://purl.org/dc/elements/1.1/"
	xmlns:wp="http://wordpress.org/export/1.2/"
>

<channel>
	<title>WooCommerce Page Builder For Elementor</title>
	<link>http://localhost/woocommerce-elementor</link>
	<description></description>
	<pubDate>Mon, 10 Feb 2020 10:03:10 +0000</pubDate>
	<language>en-US</language>
	<wp:wxr_version>1.2</wp:wxr_version>
	<wp:base_site_url>http://localhost/woocommerce-elementor/</wp:base_site_url>
	<wp:base_blog_url>http://localhost/woocommerce-elementor</wp:base_blog_url>

		<wp:author><wp:author_id>1</wp:author_id><wp:author_login><![CDATA[admin]]></wp:author_login><wp:author_email><![CDATA[dawnthemes@gmail.com]]></wp:author_email><wp:author_display_name><![CDATA[admin]]></wp:author_display_name><wp:author_first_name><![CDATA[Dawn]]></wp:author_first_name><wp:author_last_name><![CDATA[Themes]]></wp:author_last_name></wp:author>

				
	<generator>https://wordpress.org/?v=5.3.2</generator>

<image>
	<url>http://localhost/woocommerce-elementor/wp-content/uploads/2019/02/cropped-80x80-1-32x32.jpg</url>
	<title>WooCommerce Page Builder For Elementor</title>
	<link>http://localhost/woocommerce-elementor</link>
	<width>32</width>
	<height>32</height>
</image> 

		<item>
		<title>Shop Page #2</title>
		<link>http://localhost/woocommerce-elementor/?dtwcbe_woo_library=shop-page-2</link>
		<pubDate>Mon, 18 Feb 2019 07:48:29 +0000</pubDate>
		<dc:creator><![CDATA[admin]]></dc:creator>
		<guid isPermaLink="false">http://demo.dawnthemes.com/woocommerce-builder-elementor/wcbe2/?post_type=dtwcbe_woo_library&#038;p=110</guid>
		<description></description>
		<content:encoded><![CDATA[<h1>Shop</h1>		
			<nav>Home</nav>		
			
	
					Sort by popularity
					Sort by average rating
					Sort by latest
					Sort by price: low to high
					Sort by price: high to low
			
	
	
<p>
	Showing 1&ndash;9 of 17 results</p>
<ul>
<li>
	<a href="http://demo.dawnthemes.com/woocommerce-builder-elementor/wcbe2/product/album/"><img width="300" height="300" src="http://demo.dawnthemes.com/woocommerce-builder-elementor/wcbe2/wp-content/uploads/sites/3/2019/02/album-1-300x300.jpg" alt="" /><h2>Album</h2>
	&pound;15.00
</a><a href="/woocommerce-builder-elementor/wcbe2/wp-admin/admin-ajax.php?add-to-cart=18" data-quantity="1" aria-label="Add &ldquo;Album&rdquo; to your cart" rel="nofollow">Add to cart</a></li>
<li>
	<a href="http://demo.dawnthemes.com/woocommerce-builder-elementor/wcbe2/product/beanie/">
	Sale!
<img width="300" height="300" src="http://demo.dawnthemes.com/woocommerce-builder-elementor/wcbe2/wp-content/uploads/sites/3/2019/02/beanie-2-300x300.jpg" alt="" /><h2>Beanie</h2>
	<del>&pound;20.00</del> <ins>&pound;18.00</ins>
</a><a href="/woocommerce-builder-elementor/wcbe2/wp-admin/admin-ajax.php?add-to-cart=10" data-quantity="1" aria-label="Add &ldquo;Beanie&rdquo; to your cart" rel="nofollow">Add to cart</a></li>
<li>
	<a href="http://demo.dawnthemes.com/woocommerce-builder-elementor/wcbe2/product/beanie-with-logo/">
	Sale!
<img width="300" height="300" src="http://demo.dawnthemes.com/woocommerce-builder-elementor/wcbe2/wp-content/uploads/sites/3/2019/02/beanie-with-logo-1-300x300.jpg" alt="" /><h2>Beanie with Logo</h2>
	<del>&pound;20.00</del> <ins>&pound;18.00</ins>
</a><a href="/woocommerce-builder-elementor/wcbe2/wp-admin/admin-ajax.php?add-to-cart=27" data-quantity="1" aria-label="Add &ldquo;Beanie with Logo&rdquo; to your cart" rel="nofollow">Add to cart</a></li>
<li>
	<a href="http://demo.dawnthemes.com/woocommerce-builder-elementor/wcbe2/product/belt/">
	Sale!
<img width="300" height="300" src="http://demo.dawnthemes.com/woocommerce-builder-elementor/wcbe2/wp-content/uploads/sites/3/2019/02/belt-2-300x300.jpg" alt="" /><h2>Belt</h2>
	<del>&pound;65.00</del> <ins>&pound;55.00</ins>
</a><a href="/woocommerce-builder-elementor/wcbe2/wp-admin/admin-ajax.php?add-to-cart=11" data-quantity="1" aria-label="Add &ldquo;Belt&rdquo; to your cart" rel="nofollow">Add to cart</a></li>
<li>
	<a href="http://demo.dawnthemes.com/woocommerce-builder-elementor/wcbe2/product/cap/">
	Sale!
<img width="300" height="300" src="http://demo.dawnthemes.com/woocommerce-builder-elementor/wcbe2/wp-content/uploads/sites/3/2019/02/cap-2-300x300.jpg" alt="" /><h2>Cap</h2>
	<del>&pound;18.00</del> <ins>&pound;16.00</ins>
</a><a href="/woocommerce-builder-elementor/wcbe2/wp-admin/admin-ajax.php?add-to-cart=12" data-quantity="1" aria-label="Add &ldquo;Cap&rdquo; to your cart" rel="nofollow">Add to cart</a></li>
<li>
	<a href="http://demo.dawnthemes.com/woocommerce-builder-elementor/wcbe2/product/hoodie/">
	Sale!
<img width="300" height="300" src="http://demo.dawnthemes.com/woocommerce-builder-elementor/wcbe2/wp-content/uploads/sites/3/2019/02/hoodie-2-300x300.jpg" alt="" /><h2>Hoodie</h2>
	&pound;42.00 &ndash; &pound;45.00
</a><a href="http://demo.dawnthemes.com/woocommerce-builder-elementor/wcbe2/product/hoodie/" data-quantity="1" aria-label="Select options for &ldquo;Hoodie&rdquo;" rel="nofollow">Select options</a></li>
<li>
	<a href="http://demo.dawnthemes.com/woocommerce-builder-elementor/wcbe2/product/hoodie-with-logo/"><img width="300" height="300" src="http://demo.dawnthemes.com/woocommerce-builder-elementor/wcbe2/wp-content/uploads/sites/3/2019/02/hoodie-with-logo-2-300x300.jpg" alt="" /><h2>Hoodie with Logo</h2>
	&pound;45.00
</a><a href="/woocommerce-builder-elementor/wcbe2/wp-admin/admin-ajax.php?add-to-cart=8" data-quantity="1" aria-label="Add &ldquo;Hoodie with Logo&rdquo; to your cart" rel="nofollow">Add to cart</a></li>
<li>
	<a href="http://demo.dawnthemes.com/woocommerce-builder-elementor/wcbe2/product/hoodie-with-zipper/"><img width="300" height="300" src="http://demo.dawnthemes.com/woocommerce-builder-elementor/wcbe2/wp-content/uploads/sites/3/2019/02/hoodie-with-zipper-2-300x300.jpg" alt="" /><h2>Hoodie with Zipper</h2>
	&pound;45.00
</a><a href="/woocommerce-builder-elementor/wcbe2/wp-admin/admin-ajax.php?add-to-cart=15" data-quantity="1" aria-label="Add &ldquo;Hoodie with Zipper&rdquo; to your cart" rel="nofollow">Add to cart</a></li>
<li>
	<a href="http://demo.dawnthemes.com/woocommerce-builder-elementor/wcbe2/product/logo-collection/">
	Sale!
<img width="300" height="300" src="http://demo.dawnthemes.com/woocommerce-builder-elementor/wcbe2/wp-content/uploads/sites/3/2019/02/logo-1-300x300.jpg" alt="" /><h2>Logo Collection</h2>
	&pound;18.00 &ndash; &pound;45.00
</a><a href="http://demo.dawnthemes.com/woocommerce-builder-elementor/wcbe2/product/logo-collection/" data-quantity="1" aria-label="View products in the &ldquo;Logo Collection&rdquo; group" rel="nofollow">View products</a></li>
</ul>
			<h2>About Shop</h2>		
		<p style="text-align: justify">Click edit button to change this text. Lorem ipsum dolor sit amet, consectetur adipiscing elit. Ut elit tellus, luctus nec ullamcorper mattis, pulvinar dapibus leo.consectetur adipiscing elit. Ut elit tellus, luctus nec ullamcorper mattis, pulvinar dapibus leo.</p><p style="text-align: justify">Click edit button to change this text. Lorem ipsum dolor sit amet, consectetur adipiscing elit. Ut elit tellus, luctus nec ullamcorper mattis, pulvinar dapibus leo.</p><p style="text-align: justify">Click edit button to change this text. Lorem ipsum dolor sit amet, consectetur adipiscing elit. Ut elit tellus, luctus nec ullamcorper mattis, pulvinar dapibus leo.consectetur adipiscing elit. Ut elit tellus, luctus nec ullamcorper mattis, pulvinar dapibus leo.</p><p style="text-align: justify">Click edit button to change this text. Lorem ipsum dolor sit amet, consectetur adipiscing elit. Ut elit tellus, luctus nec ullamcorper mattis, pulvinar dapibus leo.</p>		
							<a href="" target="_blank" rel="noopener noreferrer">
					Facebook
				</a>
							<a href="" target="_blank" rel="noopener noreferrer">
					Twitter
				</a>
							<a href="" target="_blank" rel="noopener noreferrer">
					Google-plus
				</a>]]></content:encoded>
		<excerpt:encoded><![CDATA[]]></excerpt:encoded>
		<wp:post_id>110</wp:post_id>
		<wp:post_date><![CDATA[2019-02-18 07:48:29]]></wp:post_date>
		<wp:post_date_gmt><![CDATA[2019-02-18 07:48:29]]></wp:post_date_gmt>
		<wp:comment_status><![CDATA[closed]]></wp:comment_status>
		<wp:ping_status><![CDATA[closed]]></wp:ping_status>
		<wp:post_name><![CDATA[shop-page-2]]></wp:post_name>
		<wp:status><![CDATA[publish]]></wp:status>
		<wp:post_parent>0</wp:post_parent>
		<wp:menu_order>0</wp:menu_order>
		<wp:post_type><![CDATA[dtwcbe_woo_library]]></wp:post_type>
		<wp:post_password><![CDATA[]]></wp:post_password>
		<wp:is_sticky>0</wp:is_sticky>
										<category domain="dtwcbe_woo_library_type" nicename="product-archive"><![CDATA[product-archive]]></category>
						<wp:postmeta>
		<wp:meta_key><![CDATA[_elementor_controls_usage]]></wp:meta_key>
		<wp:meta_value><![CDATA[a:0:{}]]></wp:meta_value>
		</wp:postmeta>
							<wp:postmeta>
		<wp:meta_key><![CDATA[_us_in_content_ids]]></wp:meta_key>
		<wp:meta_value><![CDATA[]]></wp:meta_value>
		</wp:postmeta>
							<wp:postmeta>
		<wp:meta_key><![CDATA[us_og_image]]></wp:meta_key>
		<wp:meta_value><![CDATA[http://demo.dawnthemes.com/woocommerce-builder-elementor/wcbe2/wp-content/uploads/sites/3/2019/02/album-1-300x300.jpg]]></wp:meta_value>
		</wp:postmeta>
							<wp:postmeta>
		<wp:meta_key><![CDATA[_dtwcbe_edit_mode]]></wp:meta_key>
		<wp:meta_value><![CDATA[builder]]></wp:meta_value>
		</wp:postmeta>
							<wp:postmeta>
		<wp:meta_key><![CDATA[_dtwcbe_woo_template_type]]></wp:meta_key>
		<wp:meta_value><![CDATA[product-archive]]></wp:meta_value>
		</wp:postmeta>
							<wp:postmeta>
		<wp:meta_key><![CDATA[us_og_image]]></wp:meta_key>
		<wp:meta_value><![CDATA[http://demo.dawnthemes.com/woocommerce-builder-elementor/wcbe2/wp-content/uploads/sites/3/2019/02/album-1-300x300.jpg]]></wp:meta_value>
		</wp:postmeta>
							<wp:postmeta>
		<wp:meta_key><![CDATA[_elementor_edit_mode]]></wp:meta_key>
		<wp:meta_value><![CDATA[builder]]></wp:meta_value>
		</wp:postmeta>
							<wp:postmeta>
		<wp:meta_key><![CDATA[_elementor_template_type]]></wp:meta_key>
		<wp:meta_value><![CDATA[post]]></wp:meta_value>
		</wp:postmeta>
							<wp:postmeta>
		<wp:meta_key><![CDATA[_wp_page_template]]></wp:meta_key>
		<wp:meta_value><![CDATA[elementor_header_footer]]></wp:meta_value>
		</wp:postmeta>
							<wp:postmeta>
		<wp:meta_key><![CDATA[_elementor_data]]></wp:meta_key>
		<wp:meta_value><![CDATA[[{"id":"16dde63","elType":"section","settings":{"stretch_section":"section-stretched","background_background":"classic","background_image":{"url":"http:\/\/demo.dawnthemes.com\/woocommerce-builder-elementor\/wcbe2\/wp-content\/uploads\/sites\/3\/2019\/02\/woman-sitting-1232880_1920.jpg","id":138},"background_position":"center center","background_attachment":"fixed","background_repeat":"no-repeat","background_size":"cover","background_overlay_background":"classic","background_overlay_color":"rgba(255,255,255,0.82)","padding":{"unit":"px","top":"150","right":"0","bottom":"150","left":"0","isLinked":false},"padding_tablet":{"unit":"px","top":"100","right":"0","bottom":"100","left":"0","isLinked":false},"padding_mobile":{"unit":"px","top":"60","right":"0","bottom":"60","left":"0","isLinked":false},"gap":"wide","content_position":"middle","background_overlay_opacity":{"unit":"px","size":0.69}},"elements":[{"id":"e2b0263","elType":"column","settings":{"_column_size":100},"elements":[{"id":"85f9165","elType":"widget","settings":{"archive_title_align":"center","archive_title_typography_typography":"custom","archive_title_typography_font_weight":"600"},"elements":[],"widgetType":"archive-title"},{"id":"760669d","elType":"widget","settings":{"text_color":"#000000","link_color":"#000000","text_typography_typography":"custom","text_typography_font_weight":"normal","alignment":"center"},"elements":[],"widgetType":"breadcrumb"}],"isInner":false}],"isInner":false},{"id":"9d589ad","elType":"section","settings":{"structure":"21","gap":"wide"},"elements":[{"id":"3c5c076","elType":"column","settings":{"_column_size":33,"_inline_size":null},"elements":[{"id":"61ba22e","elType":"widget","settings":{"space":{"unit":"px","size":16}},"elements":[],"widgetType":"spacer"},{"id":"452dc12","elType":"widget","settings":{"sidebar":"default_sidebar"},"elements":[],"widgetType":"sidebar"}],"isInner":false},{"id":"c96f2c6","elType":"column","settings":{"_column_size":66,"_inline_size":null},"elements":[{"id":"3c0164d","elType":"widget","settings":{"columns":3,"rows":3,"allow_order":"yes","show_result_count":"yes","nothing_found_message":"No products were found matching your selection.","columns_mobile":2},"elements":[],"widgetType":"archive-products"}],"isInner":false}],"isInner":false},{"id":"2b18f40","elType":"section","settings":[],"elements":[{"id":"e1b2428","elType":"column","settings":{"_column_size":100},"elements":[{"id":"f4fd9d4","elType":"widget","settings":{"space":{"unit":"px","size":40}},"elements":[],"widgetType":"spacer"}],"isInner":false}],"isInner":false},{"id":"ff640c7","elType":"section","settings":[],"elements":[{"id":"ea4d773","elType":"column","settings":{"_column_size":100},"elements":[{"id":"b3777d4","elType":"widget","settings":{"title":"About Shop","align":"center","title_color":"#54595f"},"elements":[],"widgetType":"heading"}],"isInner":false}],"isInner":false},{"id":"e67ed7e","elType":"section","settings":{"gap":"wide","structure":"20"},"elements":[{"id":"9dbc875","elType":"column","settings":{"_column_size":50,"_inline_size":null},"elements":[{"id":"f45d6be","elType":"widget","settings":{"editor":"<p style=\"text-align: justify;\">Click edit button to change this text. Lorem ipsum dolor sit amet, consectetur adipiscing elit. Ut elit tellus, luctus nec ullamcorper mattis, pulvinar dapibus leo.consectetur adipiscing elit. Ut elit tellus, luctus nec ullamcorper mattis, pulvinar dapibus leo.<\/p><p style=\"text-align: justify;\">Click edit button to change this text. Lorem ipsum dolor sit amet, consectetur adipiscing elit. Ut elit tellus, luctus nec ullamcorper mattis, pulvinar dapibus leo.<\/p>"},"elements":[],"widgetType":"text-editor"}],"isInner":false},{"id":"96f687d","elType":"column","settings":{"_column_size":50,"_inline_size":null},"elements":[{"id":"01f3658","elType":"widget","settings":{"editor":"<p style=\"text-align: justify;\">Click edit button to change this text. Lorem ipsum dolor sit amet, consectetur adipiscing elit. Ut elit tellus, luctus nec ullamcorper mattis, pulvinar dapibus leo.consectetur adipiscing elit. Ut elit tellus, luctus nec ullamcorper mattis, pulvinar dapibus leo.<\/p><p style=\"text-align: justify;\">Click edit button to change this text. Lorem ipsum dolor sit amet, consectetur adipiscing elit. Ut elit tellus, luctus nec ullamcorper mattis, pulvinar dapibus leo.<\/p>"},"elements":[],"widgetType":"text-editor"}],"isInner":false}],"isInner":false},{"id":"d8be710","elType":"section","settings":[],"elements":[{"id":"4273fd7","elType":"column","settings":{"_column_size":100},"elements":[{"id":"477983b","elType":"widget","settings":{"space":{"unit":"px","size":40}},"elements":[],"widgetType":"spacer"}],"isInner":false}],"isInner":false},{"id":"627294a","elType":"section","settings":{"gap":"wide","content_position":"middle","structure":"20","background_background":"classic","background_color":"#f5f5f5","padding":{"unit":"px","top":"40","right":"0","bottom":"40","left":"0","isLinked":false}},"elements":[{"id":"ca8e29a","elType":"column","settings":{"_column_size":50,"_inline_size":null},"elements":[{"id":"19ce381","elType":"widget","settings":{"wp":{"title":"Couldn't find what you are looking for?"}},"elements":[],"widgetType":"wp-widget-woocommerce_product_search"}],"isInner":false},{"id":"7ca51cd","elType":"column","settings":{"_column_size":50,"_inline_size":null},"elements":[{"id":"0a6e21f","elType":"widget","settings":{"social_icon_list":[{"social":"fa fa-facebook","_id":"2964127","link":{"url":"","is_external":"true","nofollow":""}},{"social":"fa fa-twitter","_id":"af4f171","link":{"url":"","is_external":"true","nofollow":""}},{"social":"fa fa-google-plus","_id":"7b8e1bf","link":{"url":"","is_external":"true","nofollow":""}}],"shape":"circle","align":"right"},"elements":[],"widgetType":"social-icons"}],"isInner":false}],"isInner":false}]]]></wp:meta_value>
		</wp:postmeta>
							<wp:postmeta>
		<wp:meta_key><![CDATA[_elementor_version]]></wp:meta_key>
		<wp:meta_value><![CDATA[0.4]]></wp:meta_value>
		</wp:postmeta>
							<wp:postmeta>
		<wp:meta_key><![CDATA[_edit_last]]></wp:meta_key>
		<wp:meta_value><![CDATA[1]]></wp:meta_value>
		</wp:postmeta>
							<wp:postmeta>
		<wp:meta_key><![CDATA[us_header_sticky_pos]]></wp:meta_key>
		<wp:meta_value><![CDATA[]]></wp:meta_value>
		</wp:postmeta>
							<wp:postmeta>
		<wp:meta_key><![CDATA[us_titlebar_id]]></wp:meta_key>
		<wp:meta_value><![CDATA[__defaults__]]></wp:meta_value>
		</wp:postmeta>
							<wp:postmeta>
		<wp:meta_key><![CDATA[us_sidebar_id]]></wp:meta_key>
		<wp:meta_value><![CDATA[__defaults__]]></wp:meta_value>
		</wp:postmeta>
							<wp:postmeta>
		<wp:meta_key><![CDATA[us_sidebar_pos]]></wp:meta_key>
		<wp:meta_value><![CDATA[right]]></wp:meta_value>
		</wp:postmeta>
							<wp:postmeta>
		<wp:meta_key><![CDATA[us_footer_id]]></wp:meta_key>
		<wp:meta_value><![CDATA[__defaults__]]></wp:meta_value>
		</wp:postmeta>
							<wp:postmeta>
		<wp:meta_key><![CDATA[dtwcbe_condition_archive_product_is_tax]]></wp:meta_key>
		<wp:meta_value><![CDATA[110]]></wp:meta_value>
		</wp:postmeta>
							<wp:postmeta>
		<wp:meta_key><![CDATA[_elementor_controls_usage]]></wp:meta_key>
		<wp:meta_value><![CDATA[a:11:{s:13:"archive-title";a:3:{s:5:"count";i:1;s:15:"control_percent";i:1;s:8:"controls";a:1:{s:5:"style";a:1:{s:13:"section_style";a:3:{s:19:"archive_title_align";i:1;s:35:"archive_title_typography_typography";i:1;s:36:"archive_title_typography_font_weight";i:1;}}}}s:10:"breadcrumb";a:3:{s:5:"count";i:1;s:15:"control_percent";i:2;s:8:"controls";a:1:{s:5:"style";a:1:{s:24:"section_breadcrumb_style";a:5:{s:10:"text_color";i:1;s:10:"link_color";i:1;s:26:"text_typography_typography";i:1;s:27:"text_typography_font_weight";i:1;s:9:"alignment";i:1;}}}}s:6:"column";a:3:{s:5:"count";i:10;s:15:"control_percent";i:0;s:8:"controls";a:1:{s:6:"layout";a:1:{s:6:"layout";a:1:{s:12:"_inline_size";i:6;}}}}s:7:"section";a:3:{s:5:"count";i:7;s:15:"control_percent";i:2;s:8:"controls";a:3:{s:6:"layout";a:2:{s:14:"section_layout";a:3:{s:15:"stretch_section";i:1;s:3:"gap";i:4;s:16:"content_position";i:2;}s:17:"section_structure";a:1:{s:9:"structure";i:3;}}s:5:"style";a:2:{s:18:"section_background";a:7:{s:21:"background_background";i:2;s:16:"background_image";i:1;s:19:"background_position";i:1;s:21:"background_attachment";i:1;s:17:"background_repeat";i:1;s:15:"background_size";i:1;s:16:"background_color";i:1;}s:26:"section_background_overlay";a:3:{s:29:"background_overlay_background";i:1;s:24:"background_overlay_color";i:1;s:26:"background_overlay_opacity";i:1;}}s:8:"advanced";a:1:{s:16:"section_advanced";a:3:{s:7:"padding";i:2;s:14:"padding_tablet";i:1;s:14:"padding_mobile";i:1;}}}}s:6:"spacer";a:3:{s:5:"count";i:3;s:15:"control_percent";i:1;s:8:"controls";a:1:{s:7:"content";a:1:{s:14:"section_spacer";a:1:{s:5:"space";i:3;}}}}s:7:"sidebar";a:3:{s:5:"count";i:1;s:15:"control_percent";i:1;s:8:"controls";a:1:{s:7:"content";a:1:{s:15:"section_sidebar";a:1:{s:7:"sidebar";i:1;}}}}s:16:"archive-products";a:3:{s:5:"count";i:1;s:15:"control_percent";i:1;s:8:"controls";a:1:{s:7:"content";a:1:{s:15:"section_content";a:5:{s:7:"columns";i:1;s:4:"rows";i:1;s:11:"allow_order";i:1;s:17:"show_result_count";i:1;s:14:"columns_mobile";i:1;}}}}s:7:"heading";a:3:{s:5:"count";i:1;s:15:"control_percent";i:1;s:8:"controls";a:2:{s:7:"content";a:1:{s:13:"section_title";a:2:{s:5:"title";i:1;s:5:"align";i:1;}}s:5:"style";a:1:{s:19:"section_title_style";a:1:{s:11:"title_color";i:1;}}}}s:11:"text-editor";a:3:{s:5:"count";i:2;s:15:"control_percent";i:0;s:8:"controls";a:1:{s:7:"content";a:1:{s:14:"section_editor";a:1:{s:6:"editor";i:2;}}}}s:36:"wp-widget-woocommerce_product_search";a:3:{s:5:"count";i:1;s:15:"control_percent";i:0;s:8:"controls";a:0:{}}s:12:"social-icons";a:3:{s:5:"count";i:1;s:15:"control_percent";i:1;s:8:"controls";a:1:{s:7:"content";a:1:{s:19:"section_social_icon";a:3:{s:16:"social_icon_list";i:1;s:5:"shape";i:1;s:5:"align";i:1;}}}}}]]></wp:meta_value>
		</wp:postmeta>
							<wp:postmeta>
		<wp:meta_key><![CDATA[us_header_id]]></wp:meta_key>
		<wp:meta_value><![CDATA[__defaults__]]></wp:meta_value>
		</wp:postmeta>
							<wp:postmeta>
		<wp:meta_key><![CDATA[us_content_id]]></wp:meta_key>
		<wp:meta_value><![CDATA[__defaults__]]></wp:meta_value>
		</wp:postmeta>
							<wp:postmeta>
		<wp:meta_key><![CDATA[_us_in_content_ids]]></wp:meta_key>
		<wp:meta_value><![CDATA[]]></wp:meta_value>
		</wp:postmeta>
							<wp:postmeta>
		<wp:meta_key><![CDATA[us_migration_version]]></wp:meta_key>
		<wp:meta_value><![CDATA[6.0]]></wp:meta_value>
		</wp:postmeta>
							<wp:postmeta>
		<wp:meta_key><![CDATA[us_header_sticky_override]]></wp:meta_key>
		<wp:meta_value><![CDATA[0]]></wp:meta_value>
		</wp:postmeta>
							<wp:postmeta>
		<wp:meta_key><![CDATA[us_header_sticky]]></wp:meta_key>
		<wp:meta_value><![CDATA[]]></wp:meta_value>
		</wp:postmeta>
							<wp:postmeta>
		<wp:meta_key><![CDATA[us_header_transparent_override]]></wp:meta_key>
		<wp:meta_value><![CDATA[0]]></wp:meta_value>
		</wp:postmeta>
							<wp:postmeta>
		<wp:meta_key><![CDATA[us_header_transparent]]></wp:meta_key>
		<wp:meta_value><![CDATA[]]></wp:meta_value>
		</wp:postmeta>
							<wp:postmeta>
		<wp:meta_key><![CDATA[us_header_shadow]]></wp:meta_key>
		<wp:meta_value><![CDATA[0]]></wp:meta_value>
		</wp:postmeta>
							<wp:postmeta>
		<wp:meta_key><![CDATA[us_tile_bg_color]]></wp:meta_key>
		<wp:meta_value><![CDATA[]]></wp:meta_value>
		</wp:postmeta>
							<wp:postmeta>
		<wp:meta_key><![CDATA[us_tile_text_color]]></wp:meta_key>
		<wp:meta_value><![CDATA[]]></wp:meta_value>
		</wp:postmeta>
							<wp:postmeta>
		<wp:meta_key><![CDATA[us_tile_size]]></wp:meta_key>
		<wp:meta_value><![CDATA[1x1]]></wp:meta_value>
		</wp:postmeta>
							<wp:postmeta>
		<wp:meta_key><![CDATA[us_tile_link]]></wp:meta_key>
		<wp:meta_value><![CDATA[{"url":"","target":""}]]></wp:meta_value>
		</wp:postmeta>
							<wp:postmeta>
		<wp:meta_key><![CDATA[us_tile_additional_image]]></wp:meta_key>
		<wp:meta_value><![CDATA[]]></wp:meta_value>
		</wp:postmeta>
							</item>
				</channel>
</rss>
	