<?xml version="1.0" encoding="UTF-8" ?>
<!-- This is a WordPress eXtended RSS file generated by WordPress as an export of your site. -->
<!-- It contains information about your site's posts, pages, comments, categories, and other content. -->
<!-- You may use this file to transfer that content from one site to another. -->
<!-- This file is not intended to serve as a complete backup of your site. -->

<!-- To import this information into a WordPress site follow these steps: -->
<!-- 1. Log in to that site as an administrator. -->
<!-- 2. Go to Tools: Import in the WordPress admin panel. -->
<!-- 3. Install the "WordPress" importer from the list. -->
<!-- 4. Activate & Run Importer. -->
<!-- 5. Upload this file using the form provided on that page. -->
<!-- 6. You will first be asked to map the authors in this export file to users -->
<!--    on the site. For each author, you may choose to map to an -->
<!--    existing user on the site or to create a new user. -->
<!-- 7. WordPress will then import each of the posts, pages, comments, categories, etc. -->
<!--    contained in this file into your site. -->

	<!-- generator="WordPress/5.3.2" created="2020-02-10 10:07" -->
<rss version="2.0"
	xmlns:excerpt="http://wordpress.org/export/1.2/excerpt/"
	xmlns:content="http://purl.org/rss/1.0/modules/content/"
	xmlns:wfw="http://wellformedweb.org/CommentAPI/"
	xmlns:dc="http://purl.org/dc/elements/1.1/"
	xmlns:wp="http://wordpress.org/export/1.2/"
>

<channel>
	<title>WooCommerce Page Builder For Elementor</title>
	<link>http://localhost/woocommerce-elementor</link>
	<description></description>
	<pubDate>Mon, 10 Feb 2020 10:07:07 +0000</pubDate>
	<language>en-US</language>
	<wp:wxr_version>1.2</wp:wxr_version>
	<wp:base_site_url>http://localhost/woocommerce-elementor/</wp:base_site_url>
	<wp:base_blog_url>http://localhost/woocommerce-elementor</wp:base_blog_url>

		<wp:author><wp:author_id>1</wp:author_id><wp:author_login><![CDATA[admin]]></wp:author_login><wp:author_email><![CDATA[dawnthemes@gmail.com]]></wp:author_email><wp:author_display_name><![CDATA[admin]]></wp:author_display_name><wp:author_first_name><![CDATA[Dawn]]></wp:author_first_name><wp:author_last_name><![CDATA[Themes]]></wp:author_last_name></wp:author>

				
	<generator>https://wordpress.org/?v=5.3.2</generator>

<image>
	<url>http://localhost/woocommerce-elementor/wp-content/uploads/2019/02/cropped-80x80-1-32x32.jpg</url>
	<title>WooCommerce Page Builder For Elementor</title>
	<link>http://localhost/woocommerce-elementor</link>
	<width>32</width>
	<height>32</height>
</image> 

		<item>
		<title>Product Layout #3</title>
		<link>http://localhost/woocommerce-elementor/?dtwcbe_woo_library=product-layout-3</link>
		<pubDate>Sun, 17 Feb 2019 14:30:07 +0000</pubDate>
		<dc:creator><![CDATA[admin]]></dc:creator>
		<guid isPermaLink="false">http://demo.dawnthemes.com/woocommerce-builder-elementor/wcbe3/?post_type=dtwcbe_woo_library&#038;p=55</guid>
		<description></description>
		<content:encoded><![CDATA[<h1>Besiva Women&#8217;s Sheath Maroon Dress</h1>		
			<p>This is a simple product. Pellentesque habitant morbi tristique senectus et netus et malesuada fames ac turpis egestas. Vestibulum tortor quam, feugiat vitae, ultricies eget, tempor sit amet, ante. Donec eu libero sit amet quam egestas semper.</p>
			<a href="#buy-now" role="button">
						Buy NOW
					</a>
										<img width="1024" height="1024" src="http://demo.dawnthemes.com/woocommerce-builder-elementor/wcbe3/wp-content/uploads/sites/4/2019/02/kendall-jenner-american-fashion-model-hd-wallpaper-1024x1024.png" alt="" />											
				<figure><a href="http://demo.dawnthemes.com/woocommerce-builder-elementor/wcbe3/wp-content/uploads/sites/4/2019/02/03-giacche-e-cappotti.jpg" data-elementor-open-lightbox="yes" data-elementor-lightbox-slideshow="604cd89" data-elementor-lightbox-index="0"><img src="http://demo.dawnthemes.com/woocommerce-builder-elementor/wcbe3/wp-content/uploads/sites/4/2019/02/03-giacche-e-cappotti-600x600.jpg" alt="03-giacche-e-cappotti" /></a></figure><figure><a href="http://demo.dawnthemes.com/woocommerce-builder-elementor/wcbe3/wp-content/uploads/sites/4/2019/02/230631956-girl-fashion-wallpapers.jpg" data-elementor-open-lightbox="yes" data-elementor-lightbox-slideshow="604cd89" data-elementor-lightbox-index="1"><img src="http://demo.dawnthemes.com/woocommerce-builder-elementor/wcbe3/wp-content/uploads/sites/4/2019/02/230631956-girl-fashion-wallpapers-600x600.jpg" alt="230631956-girl-fashion-wallpapers" /></a></figure><figure><a href="http://demo.dawnthemes.com/woocommerce-builder-elementor/wcbe3/wp-content/uploads/sites/4/2019/02/fashion_advertising_brand_photograhy_location_abroad_.jpg" data-elementor-open-lightbox="yes" data-elementor-lightbox-slideshow="604cd89" data-elementor-lightbox-index="2"><img src="http://demo.dawnthemes.com/woocommerce-builder-elementor/wcbe3/wp-content/uploads/sites/4/2019/02/fashion_advertising_brand_photograhy_location_abroad_-600x600.jpg" alt="fashion_advertising_brand_photograhy_location_abroad_" /></a></figure><figure><a href="http://demo.dawnthemes.com/woocommerce-builder-elementor/wcbe3/wp-content/uploads/sites/4/2019/02/fashion.jpg" data-elementor-open-lightbox="yes" data-elementor-lightbox-slideshow="604cd89" data-elementor-lightbox-index="3"><img src="http://demo.dawnthemes.com/woocommerce-builder-elementor/wcbe3/wp-content/uploads/sites/4/2019/02/fashion-600x600.jpg" alt="fashion" /></a></figure><figure><a href="http://demo.dawnthemes.com/woocommerce-builder-elementor/wcbe3/wp-content/uploads/sites/4/2019/02/Girls-Shopping.jpg" data-elementor-open-lightbox="yes" data-elementor-lightbox-slideshow="604cd89" data-elementor-lightbox-index="4"><img src="http://demo.dawnthemes.com/woocommerce-builder-elementor/wcbe3/wp-content/uploads/sites/4/2019/02/Girls-Shopping-600x600.jpg" alt="Girls-Shopping" /></a></figure><figure><a href="http://demo.dawnthemes.com/woocommerce-builder-elementor/wcbe3/wp-content/uploads/sites/4/2019/02/lindsey-wixson-3000x1920-vogue-turkey-model-fashion-hd-1592.jpg" data-elementor-open-lightbox="yes" data-elementor-lightbox-slideshow="604cd89" data-elementor-lightbox-index="5"><img src="http://demo.dawnthemes.com/woocommerce-builder-elementor/wcbe3/wp-content/uploads/sites/4/2019/02/lindsey-wixson-3000x1920-vogue-turkey-model-fashion-hd-1592-600x600.jpg" alt="lindsey-wixson-3000x1920-vogue-turkey-model-fashion-hd-1592" /></a></figure><figure><a href="http://demo.dawnthemes.com/woocommerce-builder-elementor/wcbe3/wp-content/uploads/sites/4/2019/02/lindsey-wixson-photoshoot-for-vogue-turkey-august-2015-_3.jpg" data-elementor-open-lightbox="yes" data-elementor-lightbox-slideshow="604cd89" data-elementor-lightbox-index="6"><img src="http://demo.dawnthemes.com/woocommerce-builder-elementor/wcbe3/wp-content/uploads/sites/4/2019/02/lindsey-wixson-photoshoot-for-vogue-turkey-august-2015-_3-600x600.jpg" alt="lindsey-wixson-photoshoot-for-vogue-turkey-august-2015-_3" /></a></figure><figure><a href="http://demo.dawnthemes.com/woocommerce-builder-elementor/wcbe3/wp-content/uploads/sites/4/2019/02/MG_4581-2.jpg" data-elementor-open-lightbox="yes" data-elementor-lightbox-slideshow="604cd89" data-elementor-lightbox-index="7"><img src="http://demo.dawnthemes.com/woocommerce-builder-elementor/wcbe3/wp-content/uploads/sites/4/2019/02/MG_4581-2-400x400.jpg" alt="MG_4581-2" /></a></figure><figure><a href="http://demo.dawnthemes.com/woocommerce-builder-elementor/wcbe3/wp-content/uploads/sites/4/2019/02/miranda-kerr-hd-4k-4.jpg" data-elementor-open-lightbox="yes" data-elementor-lightbox-slideshow="604cd89" data-elementor-lightbox-index="8"><img src="http://demo.dawnthemes.com/woocommerce-builder-elementor/wcbe3/wp-content/uploads/sites/4/2019/02/miranda-kerr-hd-4k-4-600x600.jpg" alt="miranda-kerr-hd-4k-4" /></a></figure><figure><a href="http://demo.dawnthemes.com/woocommerce-builder-elementor/wcbe3/wp-content/uploads/sites/4/2019/02/shopping.jpg" data-elementor-open-lightbox="yes" data-elementor-lightbox-slideshow="604cd89" data-elementor-lightbox-index="9"><img src="http://demo.dawnthemes.com/woocommerce-builder-elementor/wcbe3/wp-content/uploads/sites/4/2019/02/shopping-600x600.jpg" alt="Best friends shopping together. 
[url=http://www.istockphoto.com/search/lightbox/9786738][img]http://dl.dropbox.com/u/40117171/group.jpg[/img][/url]" /></a></figure><figure><a href="http://demo.dawnthemes.com/woocommerce-builder-elementor/wcbe3/wp-content/uploads/sites/4/2019/02/woman-shopping-street-bags-shop-stock-today-180302-tease_192a54ebcfb697d311d3bdfc82ad1151.jpg" data-elementor-open-lightbox="yes" data-elementor-lightbox-slideshow="604cd89" data-elementor-lightbox-index="10"><img src="http://demo.dawnthemes.com/woocommerce-builder-elementor/wcbe3/wp-content/uploads/sites/4/2019/02/woman-shopping-street-bags-shop-stock-today-180302-tease_192a54ebcfb697d311d3bdfc82ad1151-600x600.jpg" alt="Beautiful, blonde woman is shopping in the city" /></a></figure>			
				<h3>
					This is the heading
				</h3>
				<p>Click edit button to change this text. Lorem ipsum dolor sit amet, consectetur adipiscing elit. Ut elit tellus, luctus nec ullamcorper mattis, pulvinar dapibus leo.</p>
				<h3>
					This is the heading
				</h3>
				<p>Click edit button to change this text. Lorem ipsum dolor sit amet, consectetur adipiscing elit. Ut elit tellus, luctus nec ullamcorper mattis, pulvinar dapibus leo.</p>
				<h3>
					This is the heading
				</h3>
				<p>Click edit button to change this text. Lorem ipsum dolor sit amet, consectetur adipiscing elit. Ut elit tellus, luctus nec ullamcorper mattis, pulvinar dapibus leo.</p>
			<figure><img width="1920" height="1080" src="http://demo.dawnthemes.com/woocommerce-builder-elementor/wcbe3/wp-content/uploads/sites/4/2019/02/woman-shopping-street-bags-shop-stock-today-180302-tease_192a54ebcfb697d311d3bdfc82ad1151.jpg" alt="" /></figure><h3>This is the heading</h3><p>Click edit button to change this text. Lorem ipsum dolor sit amet, consectetur adipiscing elit. Ut elit tellus, luctus nec ullamcorper mattis, pulvinar dapibus leo.<br><br>Click edit button to change this text. Lorem ipsum dolor sit amet, consectetur adipiscing elit.</p>		
			<figure><img width="1698" height="1131" src="http://demo.dawnthemes.com/woocommerce-builder-elementor/wcbe3/wp-content/uploads/sites/4/2019/02/shopping.jpg" alt="" /></figure><h3>This is the heading</h3><p>Click edit button to change this text. Lorem ipsum dolor sit amet, consectetur adipiscing elit. Ut elit tellus, luctus nec ullamcorper mattis, pulvinar dapibus leo.<br><br>Click edit button to change this text. Lorem ipsum dolor sit amet, consectetur adipiscing elit.</p>		
			<h2>The Choice is Yours</h2>		
		<p style="text-align: center">Click edit button to change this text. Lorem ipsum dolor sit amet, consectetur adipiscing elit. Ut elit tellus, luctus nec ullamcorper mattis, pulvinar dapibus leo. Ut elit tellus, luctus nec ullamcorper mattis, pulvinar dapibus leo. pulvinar dapibus leo.</p>		
										<img width="600" height="600" src="http://demo.dawnthemes.com/woocommerce-builder-elementor/wcbe3/wp-content/uploads/sites/4/2019/02/miranda-kerr-hd-4k-4-600x600.jpg" alt="" />											
										<img width="600" height="600" src="http://demo.dawnthemes.com/woocommerce-builder-elementor/wcbe3/wp-content/uploads/sites/4/2019/02/kendall-jenner-american-fashion-model-hd-wallpaper-600x600.png" alt="" />											
										<img width="600" height="600" src="http://demo.dawnthemes.com/woocommerce-builder-elementor/wcbe3/wp-content/uploads/sites/4/2019/02/03-giacche-e-cappotti-600x600.jpg" alt="" />											
	<section>
		<h2>Related products</h2>
		<ul>
				<li>
	<a href="http://demo.dawnthemes.com/woocommerce-builder-elementor/wcbe3/product/t-shirt-with-logo/"><img width="400" height="400" src="http://demo.dawnthemes.com/woocommerce-builder-elementor/wcbe3/wp-content/uploads/sites/4/2019/02/t-shirt-with-logo-1-416x416.jpg" alt="" /><h2>T-Shirt with Logo</h2>
	&pound;18.00
</a><a href="/woocommerce-builder-elementor/wcbe3/wp-admin/admin-ajax.php?add-to-cart=28" data-quantity="1" aria-label="Add &ldquo;T-Shirt with Logo&rdquo; to your cart" rel="nofollow">Add to cart</a></li>
				<li>
	<a href="http://demo.dawnthemes.com/woocommerce-builder-elementor/wcbe3/product/polo/"><img width="400" height="400" src="http://demo.dawnthemes.com/woocommerce-builder-elementor/wcbe3/wp-content/uploads/sites/4/2019/02/polo-2-416x415.jpg" alt="" /><h2>Polo</h2>
	&pound;20.00
</a><a href="/woocommerce-builder-elementor/wcbe3/wp-admin/admin-ajax.php?add-to-cart=19" data-quantity="1" aria-label="Add &ldquo;Polo&rdquo; to your cart" rel="nofollow">Add to cart</a></li>
		</ul>
	</section>
			<h2>GET IT NOW</h2>		
		<p style="text-align: center">Click edit button to change this text. Lorem ipsum dolor sit amet, consectetur adipiscing elit. Ut elit tellus, luctus nec ullamcorper mattis, pulvinar dapibus leo nec ullamcorper mattis, pulvinar dapibus leo.</p>		
			<p>&pound;20.00</p>
	
		<label for="quantity_5c70d4a2a7cf0">Quantity</label>
		
		<button type="submit" name="add-to-cart" value="19">Add to cart</button>
			]]></content:encoded>
		<excerpt:encoded><![CDATA[]]></excerpt:encoded>
		<wp:post_id>55</wp:post_id>
		<wp:post_date><![CDATA[2019-02-17 14:30:07]]></wp:post_date>
		<wp:post_date_gmt><![CDATA[2019-02-17 14:30:07]]></wp:post_date_gmt>
		<wp:comment_status><![CDATA[closed]]></wp:comment_status>
		<wp:ping_status><![CDATA[closed]]></wp:ping_status>
		<wp:post_name><![CDATA[product-layout-3]]></wp:post_name>
		<wp:status><![CDATA[publish]]></wp:status>
		<wp:post_parent>0</wp:post_parent>
		<wp:menu_order>0</wp:menu_order>
		<wp:post_type><![CDATA[dtwcbe_woo_library]]></wp:post_type>
		<wp:post_password><![CDATA[]]></wp:post_password>
		<wp:is_sticky>0</wp:is_sticky>
										<category domain="dtwcbe_woo_library_type" nicename="product"><![CDATA[product]]></category>
						<wp:postmeta>
		<wp:meta_key><![CDATA[_elementor_controls_usage]]></wp:meta_key>
		<wp:meta_value><![CDATA[a:0:{}]]></wp:meta_value>
		</wp:postmeta>
							<wp:postmeta>
		<wp:meta_key><![CDATA[_us_in_content_ids]]></wp:meta_key>
		<wp:meta_value><![CDATA[]]></wp:meta_value>
		</wp:postmeta>
							<wp:postmeta>
		<wp:meta_key><![CDATA[us_og_image]]></wp:meta_key>
		<wp:meta_value><![CDATA[http://demo.dawnthemes.com/woocommerce-builder-elementor/wcbe3/wp-content/uploads/sites/4/2019/02/kendall-jenner-american-fashion-model-hd-wallpaper-1024x1024.png]]></wp:meta_value>
		</wp:postmeta>
							<wp:postmeta>
		<wp:meta_key><![CDATA[_dtwcbe_edit_mode]]></wp:meta_key>
		<wp:meta_value><![CDATA[builder]]></wp:meta_value>
		</wp:postmeta>
							<wp:postmeta>
		<wp:meta_key><![CDATA[_dtwcbe_woo_template_type]]></wp:meta_key>
		<wp:meta_value><![CDATA[product]]></wp:meta_value>
		</wp:postmeta>
							<wp:postmeta>
		<wp:meta_key><![CDATA[_elementor_edit_mode]]></wp:meta_key>
		<wp:meta_value><![CDATA[builder]]></wp:meta_value>
		</wp:postmeta>
							<wp:postmeta>
		<wp:meta_key><![CDATA[_elementor_template_type]]></wp:meta_key>
		<wp:meta_value><![CDATA[post]]></wp:meta_value>
		</wp:postmeta>
							<wp:postmeta>
		<wp:meta_key><![CDATA[_wp_page_template]]></wp:meta_key>
		<wp:meta_value><![CDATA[elementor_header_footer]]></wp:meta_value>
		</wp:postmeta>
							<wp:postmeta>
		<wp:meta_key><![CDATA[_elementor_data]]></wp:meta_key>
		<wp:meta_value><![CDATA[[{"id":"0873964","elType":"section","settings":{"stretch_section":"section-stretched","background_background":"gradient","background_color":"#f26798","background_color_b":"#3023ae","background_gradient_angle":{"unit":"deg","size":100},"background_overlay_background":"classic","background_overlay_image":{"url":"http:\/\/demo.dawnthemes.com\/woocommerce-builder-elementor\/wcbe3\/wp-content\/uploads\/sites\/4\/2019\/02\/Homepage_BG_Wave_1.png","id":61},"background_overlay_repeat":"no-repeat","background_overlay_size":"cover","background_overlay_opacity":{"unit":"px","size":1},"css_filters_css_filter":"custom","padding":{"unit":"px","top":"60","right":"0","bottom":"0","left":"0","isLinked":false},"padding_tablet":{"unit":"px","top":"40","right":"0","bottom":"0","left":"0","isLinked":false},"padding_mobile":{"unit":"px","top":"30","right":"0","bottom":"0","left":"0","isLinked":false},"content_position":"bottom"},"elements":[{"id":"5624846","elType":"column","settings":{"_column_size":100,"content_position":"bottom"},"elements":[{"id":"c8695f9","elType":"section","settings":{"gap":"wide","content_position":"bottom","structure":"20"},"elements":[{"id":"118bf9f","elType":"column","settings":{"_column_size":50,"_inline_size":null,"content_position":"bottom"},"elements":[{"id":"d684e28","elType":"widget","settings":{"_margin":{"unit":"px","top":"0","right":"0","bottom":"30","left":"0","isLinked":false},"product_title_align":""},"elements":[],"widgetType":"single-product-title"},{"id":"544739e","elType":"widget","settings":{"_margin":{"unit":"px","top":"0","right":"0","bottom":"30","left":"0","isLinked":false}},"elements":[],"widgetType":"single-product-short-description"},{"id":"8d60190","elType":"widget","settings":{"text":"Buy NOW","link":{"url":"#buy-now","is_external":"","nofollow":""},"align":"left","size":"md","typography_typography":"custom","typography_font_weight":"normal","typography_text_transform":"uppercase","background_color":"rgba(255,255,255,0)","hover_color":"#9e4aa2","button_background_hover_color":"#ffffff","button_hover_border_color":"#ffffff","border_border":"solid","border_width":{"unit":"px","top":"2","right":"2","bottom":"2","left":"2","isLinked":true},"border_color":"#ffffff","border_radius":{"unit":"px","top":"40","right":"40","bottom":"40","left":"40","isLinked":true},"text_padding":{"unit":"px","top":"14","right":"40","bottom":"14","left":"40","isLinked":false}},"elements":[],"widgetType":"button"}],"isInner":true},{"id":"807c96b","elType":"column","settings":{"_column_size":50,"_inline_size":null,"content_position":"bottom"},"elements":[{"id":"325a24a","elType":"widget","settings":{"image":{"url":"http:\/\/demo.dawnthemes.com\/woocommerce-builder-elementor\/wcbe3\/wp-content\/uploads\/sites\/4\/2019\/02\/kendall-jenner-american-fashion-model-hd-wallpaper.png","id":70},"align":"center","align_tablet":"center","align_mobile":"center","background_hover_transition":{"unit":"px","size":0.3},"hover_animation":"float","_margin":{"unit":"px","top":"0","right":"0","bottom":"-29","left":"0","isLinked":false}},"elements":[],"widgetType":"image"}],"isInner":true}],"isInner":true}],"isInner":false}],"isInner":false},{"id":"8dc4915","elType":"section","settings":{"stretch_section":"section-stretched","layout":"full_width"},"elements":[{"id":"a7f35ea","elType":"column","settings":{"_column_size":100},"elements":[{"id":"604cd89","elType":"widget","settings":{"carousel":[{"id":98,"url":"http:\/\/demo.dawnthemes.com\/woocommerce-builder-elementor\/wcbe3\/wp-content\/uploads\/sites\/4\/2019\/02\/03-giacche-e-cappotti.jpg"},{"id":99,"url":"http:\/\/demo.dawnthemes.com\/woocommerce-builder-elementor\/wcbe3\/wp-content\/uploads\/sites\/4\/2019\/02\/230631956-girl-fashion-wallpapers.jpg"},{"id":100,"url":"http:\/\/demo.dawnthemes.com\/woocommerce-builder-elementor\/wcbe3\/wp-content\/uploads\/sites\/4\/2019\/02\/fashion_advertising_brand_photograhy_location_abroad_.jpg"},{"id":101,"url":"http:\/\/demo.dawnthemes.com\/woocommerce-builder-elementor\/wcbe3\/wp-content\/uploads\/sites\/4\/2019\/02\/fashion.jpg"},{"id":102,"url":"http:\/\/demo.dawnthemes.com\/woocommerce-builder-elementor\/wcbe3\/wp-content\/uploads\/sites\/4\/2019\/02\/Girls-Shopping.jpg"},{"id":103,"url":"http:\/\/demo.dawnthemes.com\/woocommerce-builder-elementor\/wcbe3\/wp-content\/uploads\/sites\/4\/2019\/02\/lindsey-wixson-3000x1920-vogue-turkey-model-fashion-hd-1592.jpg"},{"id":105,"url":"http:\/\/demo.dawnthemes.com\/woocommerce-builder-elementor\/wcbe3\/wp-content\/uploads\/sites\/4\/2019\/02\/lindsey-wixson-photoshoot-for-vogue-turkey-august-2015-_3.jpg"},{"id":106,"url":"http:\/\/demo.dawnthemes.com\/woocommerce-builder-elementor\/wcbe3\/wp-content\/uploads\/sites\/4\/2019\/02\/MG_4581-2.jpg"},{"id":107,"url":"http:\/\/demo.dawnthemes.com\/woocommerce-builder-elementor\/wcbe3\/wp-content\/uploads\/sites\/4\/2019\/02\/miranda-kerr-hd-4k-4.jpg"},{"id":108,"url":"http:\/\/demo.dawnthemes.com\/woocommerce-builder-elementor\/wcbe3\/wp-content\/uploads\/sites\/4\/2019\/02\/shopping.jpg"},{"id":109,"url":"http:\/\/demo.dawnthemes.com\/woocommerce-builder-elementor\/wcbe3\/wp-content\/uploads\/sites\/4\/2019\/02\/woman-shopping-street-bags-shop-stock-today-180302-tease_192a54ebcfb697d311d3bdfc82ad1151.jpg"}],"thumbnail_size":"shop_catalog","slides_to_show":"6","navigation":"arrows","link_to":"file","open_lightbox":"yes"},"elements":[],"widgetType":"image-carousel"}],"isInner":false}],"isInner":false},{"id":"769ed80","elType":"section","settings":{"stretch_section":"section-stretched","structure":"30","background_background":"classic","background_color":"#f5f5f5","padding":{"unit":"px","top":"60","right":"0","bottom":"60","left":"0","isLinked":false}},"elements":[{"id":"666572f","elType":"column","settings":{"_column_size":33,"_inline_size":null,"animation_duration":"fast","animation_delay":100},"elements":[{"id":"fae9b6b","elType":"widget","settings":{"view":"stacked","title_text":"This is the heading","description_text":"Click edit button to change this text. Lorem ipsum dolor sit amet, consectetur adipiscing elit. Ut elit tellus, luctus nec ullamcorper mattis, pulvinar dapibus leo.","_animation":"zoomIn","_animation_delay":100},"elements":[],"widgetType":"icon-box"}],"isInner":false},{"id":"f4feea8","elType":"column","settings":{"_column_size":33,"_inline_size":null},"elements":[{"id":"5f3daf9","elType":"widget","settings":{"icon":"fa fa-flag","view":"framed","shape":"square","title_text":"This is the heading","description_text":"Click edit button to change this text. Lorem ipsum dolor sit amet, consectetur adipiscing elit. Ut elit tellus, luctus nec ullamcorper mattis, pulvinar dapibus leo.","_animation":"zoomIn","_animation_delay":300,"selected_icon":{"value":"fas fa-flag","library":"fa-solid"}},"elements":[],"widgetType":"icon-box"}],"isInner":false},{"id":"83ed4e2","elType":"column","settings":{"_column_size":33,"_inline_size":null},"elements":[{"id":"a527c85","elType":"widget","settings":{"icon":"fa fa-pencil-square-o","view":"framed","title_text":"This is the heading","description_text":"Click edit button to change this text. Lorem ipsum dolor sit amet, consectetur adipiscing elit. Ut elit tellus, luctus nec ullamcorper mattis, pulvinar dapibus leo.","_animation":"zoomIn","_animation_delay":500,"selected_icon":{"value":"far fa-edit","library":"fa-regular"}},"elements":[],"widgetType":"icon-box"}],"isInner":false}],"isInner":false},{"id":"8724728","elType":"section","settings":{"stretch_section":"section-stretched","gap":"wide","padding":{"unit":"px","top":"60","right":"0","bottom":"60","left":"0","isLinked":false}},"elements":[{"id":"add65c7","elType":"column","settings":{"_column_size":100,"_inline_size":null},"elements":[{"id":"5f4786d","elType":"widget","settings":{"image":{"url":"http:\/\/demo.dawnthemes.com\/woocommerce-builder-elementor\/wcbe3\/wp-content\/uploads\/sites\/4\/2019\/02\/woman-shopping-street-bags-shop-stock-today-180302-tease_192a54ebcfb697d311d3bdfc82ad1151.jpg","id":109},"title_text":"This is the heading","description_text":"Click edit button to change this text. Lorem ipsum dolor sit amet, consectetur adipiscing elit. Ut elit tellus, luctus nec ullamcorper mattis, pulvinar dapibus leo.<br><br>Click edit button to change this text. Lorem ipsum dolor sit amet, consectetur adipiscing elit.","position":"left","image_space":{"unit":"px","size":30},"image_size":{"unit":"%","size":100}},"elements":[],"widgetType":"image-box"}],"isInner":false}],"isInner":false},{"id":"a4c30a5","elType":"section","settings":{"stretch_section":"section-stretched","gap":"wide","padding":{"unit":"px","top":"60","right":"0","bottom":"60","left":"0","isLinked":false}},"elements":[{"id":"eb01a9e","elType":"column","settings":{"_column_size":100,"_inline_size":null},"elements":[{"id":"c3dfcd4","elType":"widget","settings":{"image":{"url":"http:\/\/demo.dawnthemes.com\/woocommerce-builder-elementor\/wcbe3\/wp-content\/uploads\/sites\/4\/2019\/02\/shopping.jpg","id":108},"title_text":"This is the heading","description_text":"Click edit button to change this text. Lorem ipsum dolor sit amet, consectetur adipiscing elit. Ut elit tellus, luctus nec ullamcorper mattis, pulvinar dapibus leo.<br><br>Click edit button to change this text. Lorem ipsum dolor sit amet, consectetur adipiscing elit.","position":"right","image_space":{"unit":"px","size":30},"image_size":{"unit":"%","size":100}},"elements":[],"widgetType":"image-box"}],"isInner":false}],"isInner":false},{"id":"cd545dd","elType":"section","settings":{"stretch_section":"section-stretched","background_background":"classic","background_color":"#f5f5f5","padding":{"unit":"px","top":"60","right":"0","bottom":"30","left":"0","isLinked":false}},"elements":[{"id":"bc493bf","elType":"column","settings":{"_column_size":100},"elements":[{"id":"b8c9479","elType":"widget","settings":{"title":"The Choice is Yours","align":"center","title_color":"#000000","_margin":{"unit":"px","top":"0","right":"0","bottom":"30","left":"0","isLinked":false}},"elements":[],"widgetType":"heading"},{"id":"a6f081d","elType":"widget","settings":{"editor":"<p style=\"text-align: center;\">Click edit button to change this text. Lorem ipsum dolor sit amet, consectetur adipiscing elit. Ut elit tellus, luctus nec ullamcorper mattis, pulvinar dapibus leo.\u00a0Ut elit tellus, luctus nec ullamcorper mattis, pulvinar dapibus leo.\u00a0pulvinar dapibus leo.<\/p>"},"elements":[],"widgetType":"text-editor"}],"isInner":false}],"isInner":false},{"id":"4fd254c","elType":"section","settings":{"stretch_section":"section-stretched","structure":"30","background_background":"classic","background_color":"#f5f5f5","padding":{"unit":"px","top":"30","right":"0","bottom":"60","left":"0","isLinked":false}},"elements":[{"id":"937fe63","elType":"column","settings":{"_column_size":33,"_inline_size":null,"animation_duration":"fast","animation_delay":100},"elements":[{"id":"c921ff2","elType":"widget","settings":{"image":{"url":"http:\/\/demo.dawnthemes.com\/woocommerce-builder-elementor\/wcbe3\/wp-content\/uploads\/sites\/4\/2019\/02\/miranda-kerr-hd-4k-4.jpg","id":107},"image_size":"us_600_600_crop"},"elements":[],"widgetType":"image"}],"isInner":false},{"id":"62ff699","elType":"column","settings":{"_column_size":33,"_inline_size":null},"elements":[{"id":"7c3f9d4","elType":"widget","settings":{"image":{"url":"http:\/\/demo.dawnthemes.com\/woocommerce-builder-elementor\/wcbe3\/wp-content\/uploads\/sites\/4\/2019\/02\/kendall-jenner-american-fashion-model-hd-wallpaper.png","id":70},"image_size":"us_600_600_crop"},"elements":[],"widgetType":"image"}],"isInner":false},{"id":"f3d63c2","elType":"column","settings":{"_column_size":33,"_inline_size":null},"elements":[{"id":"509370c","elType":"widget","settings":{"image":{"url":"http:\/\/demo.dawnthemes.com\/woocommerce-builder-elementor\/wcbe3\/wp-content\/uploads\/sites\/4\/2019\/02\/03-giacche-e-cappotti.jpg","id":98},"image_size":"us_600_600_crop"},"elements":[],"widgetType":"image"}],"isInner":false}],"isInner":false},{"id":"78b1a57","elType":"section","settings":{"stretch_section":"section-stretched","layout":"full_width","padding":{"unit":"px","top":"60","right":"0","bottom":"60","left":"0","isLinked":false}},"elements":[{"id":"b14b079","elType":"column","settings":{"_column_size":100},"elements":[{"id":"299393c","elType":"widget","settings":{"columns_tablet":3,"columns_mobile":2},"elements":[],"widgetType":"single-product-related"}],"isInner":false}],"isInner":false},{"id":"12f5e64","elType":"section","settings":{"stretch_section":"section-stretched","padding":{"unit":"px","top":"200","right":"0","bottom":"200","left":"0","isLinked":false},"padding_tablet":{"unit":"px","top":"100","right":"0","bottom":"100","left":"0","isLinked":false},"padding_mobile":{"unit":"px","top":"60","right":"0","bottom":"60","left":"0","isLinked":false},"background_background":"classic","background_color":"#7cb342","background_color_b":"#7cb342","_element_id":"buy-now"},"elements":[{"id":"164f440","elType":"column","settings":{"_column_size":100},"elements":[{"id":"746a372","elType":"widget","settings":{"title":"GET IT NOW","align":"center","typography_typography":"custom","typography_letter_spacing":{"unit":"px","size":10},"_margin":{"unit":"px","top":"0","right":"0","bottom":"40","left":"0","isLinked":false},"title_color":"#ffffff"},"elements":[],"widgetType":"heading"},{"id":"3daf6e8","elType":"widget","settings":{"editor":"<p style=\"text-align: center;\">Click edit button to change this text. Lorem ipsum dolor sit amet, consectetur adipiscing elit. Ut elit tellus, luctus nec ullamcorper mattis, pulvinar dapibus leo nec ullamcorper mattis, pulvinar dapibus leo.<\/p>","align":"center","text_color":"#ffffff"},"elements":[],"widgetType":"text-editor"},{"id":"b39baba","elType":"widget","settings":{"product_title_typography_typography":"custom","product_title_typography_font_size":{"unit":"px","size":26},"product_title_typography_font_weight":"bold","text_align":"center","price_color":"#000000","_margin":{"unit":"px","top":"40","right":"0","bottom":"0","left":"0","isLinked":false}},"elements":[],"widgetType":"single-product-price"},{"id":"3c6b5c8","elType":"widget","settings":{"text_align":"center","button_border_radius":{"unit":"px","top":"40","right":"40","bottom":"40","left":"40","isLinked":true},"button_padding":{"unit":"px","top":"14","right":"40","bottom":"14","left":"40","isLinked":false},"quantity_border_radius":{"unit":"px","top":"10","right":"10","bottom":"10","left":"10","isLinked":true},"_margin":{"unit":"px","top":"40","right":"0","bottom":"0","left":"0","isLinked":false}},"elements":[],"widgetType":"single-product-add-to-cart"}],"isInner":false}],"isInner":false}]]]></wp:meta_value>
		</wp:postmeta>
							<wp:postmeta>
		<wp:meta_key><![CDATA[_elementor_version]]></wp:meta_key>
		<wp:meta_value><![CDATA[0.4]]></wp:meta_value>
		</wp:postmeta>
							<wp:postmeta>
		<wp:meta_key><![CDATA[us_og_image]]></wp:meta_key>
		<wp:meta_value><![CDATA[http://demo.dawnthemes.com/woocommerce-builder-elementor/wcbe3/wp-content/uploads/sites/4/2019/02/kendall-jenner-american-fashion-model-hd-wallpaper-1024x1024.png]]></wp:meta_value>
		</wp:postmeta>
							<wp:postmeta>
		<wp:meta_key><![CDATA[_edit_last]]></wp:meta_key>
		<wp:meta_value><![CDATA[1]]></wp:meta_value>
		</wp:postmeta>
							<wp:postmeta>
		<wp:meta_key><![CDATA[us_header_sticky_pos]]></wp:meta_key>
		<wp:meta_value><![CDATA[]]></wp:meta_value>
		</wp:postmeta>
							<wp:postmeta>
		<wp:meta_key><![CDATA[us_titlebar_id]]></wp:meta_key>
		<wp:meta_value><![CDATA[__defaults__]]></wp:meta_value>
		</wp:postmeta>
							<wp:postmeta>
		<wp:meta_key><![CDATA[us_sidebar_id]]></wp:meta_key>
		<wp:meta_value><![CDATA[__defaults__]]></wp:meta_value>
		</wp:postmeta>
							<wp:postmeta>
		<wp:meta_key><![CDATA[us_sidebar_pos]]></wp:meta_key>
		<wp:meta_value><![CDATA[right]]></wp:meta_value>
		</wp:postmeta>
							<wp:postmeta>
		<wp:meta_key><![CDATA[us_footer_id]]></wp:meta_key>
		<wp:meta_value><![CDATA[__defaults__]]></wp:meta_value>
		</wp:postmeta>
							<wp:postmeta>
		<wp:meta_key><![CDATA[dtwcbe_condition_product_all]]></wp:meta_key>
		<wp:meta_value><![CDATA[include]]></wp:meta_value>
		</wp:postmeta>
							<wp:postmeta>
		<wp:meta_key><![CDATA[dtwcbe_condition_product_in]]></wp:meta_key>
		<wp:meta_value><![CDATA[products]]></wp:meta_value>
		</wp:postmeta>
							<wp:postmeta>
		<wp:meta_key><![CDATA[dtwcbe_product_in]]></wp:meta_key>
		<wp:meta_value><![CDATA[long-sleeve-tee]]></wp:meta_value>
		</wp:postmeta>
							<wp:postmeta>
		<wp:meta_key><![CDATA[_elementor_controls_usage]]></wp:meta_key>
		<wp:meta_value><![CDATA[a:14:{s:20:"single-product-title";a:3:{s:5:"count";i:1;s:15:"control_percent";i:1;s:8:"controls";a:2:{s:8:"advanced";a:1:{s:14:"_section_style";a:1:{s:7:"_margin";i:1;}}s:5:"style";a:1:{s:13:"section_style";a:1:{s:19:"product_title_align";i:1;}}}}s:32:"single-product-short-description";a:3:{s:5:"count";i:1;s:15:"control_percent";i:0;s:8:"controls";a:1:{s:8:"advanced";a:1:{s:14:"_section_style";a:1:{s:7:"_margin";i:1;}}}}s:6:"button";a:3:{s:5:"count";i:1;s:15:"control_percent";i:7;s:8:"controls";a:2:{s:7:"content";a:1:{s:14:"section_button";a:4:{s:4:"text";i:1;s:4:"link";i:1;s:5:"align";i:1;s:4:"size";i:1;}}s:5:"style";a:1:{s:13:"section_style";a:12:{s:21:"typography_typography";i:1;s:22:"typography_font_weight";i:1;s:25:"typography_text_transform";i:1;s:16:"background_color";i:1;s:11:"hover_color";i:1;s:29:"button_background_hover_color";i:1;s:25:"button_hover_border_color";i:1;s:13:"border_border";i:1;s:12:"border_width";i:1;s:12:"border_color";i:1;s:13:"border_radius";i:1;s:12:"text_padding";i:1;}}}}s:6:"column";a:3:{s:5:"count";i:15;s:15:"control_percent";i:0;s:8:"controls";a:2:{s:6:"layout";a:1:{s:6:"layout";a:2:{s:12:"_inline_size";i:10;s:16:"content_position";i:3;}}s:8:"advanced";a:1:{s:15:"section_effects";a:2:{s:18:"animation_duration";i:2;s:15:"animation_delay";i:2;}}}}s:5:"image";a:3:{s:5:"count";i:4;s:15:"control_percent";i:1;s:8:"controls";a:3:{s:7:"content";a:1:{s:13:"section_image";a:5:{s:5:"image";i:4;s:5:"align";i:1;s:12:"align_tablet";i:1;s:12:"align_mobile";i:1;s:10:"image_size";i:3;}}s:5:"style";a:1:{s:19:"section_style_image";a:2:{s:27:"background_hover_transition";i:1;s:15:"hover_animation";i:1;}}s:8:"advanced";a:1:{s:14:"_section_style";a:1:{s:7:"_margin";i:1;}}}}s:7:"section";a:3:{s:5:"count";i:10;s:15:"control_percent";i:2;s:8:"controls";a:3:{s:6:"layout";a:2:{s:14:"section_layout";a:4:{s:3:"gap";i:3;s:16:"content_position";i:2;s:15:"stretch_section";i:9;s:6:"layout";i:2;}s:17:"section_structure";a:1:{s:9:"structure";i:3;}}s:5:"style";a:2:{s:18:"section_background";a:4:{s:21:"background_background";i:5;s:16:"background_color";i:5;s:18:"background_color_b";i:2;s:25:"background_gradient_angle";i:1;}s:26:"section_background_overlay";a:6:{s:29:"background_overlay_background";i:1;s:24:"background_overlay_image";i:1;s:25:"background_overlay_repeat";i:1;s:23:"background_overlay_size";i:1;s:26:"background_overlay_opacity";i:1;s:22:"css_filters_css_filter";i:1;}}s:8:"advanced";a:1:{s:16:"section_advanced";a:4:{s:7:"padding";i:8;s:14:"padding_tablet";i:2;s:14:"padding_mobile";i:2;s:11:"_element_id";i:1;}}}}s:14:"image-carousel";a:3:{s:5:"count";i:1;s:15:"control_percent";i:2;s:8:"controls";a:1:{s:7:"content";a:1:{s:22:"section_image_carousel";a:6:{s:8:"carousel";i:1;s:14:"thumbnail_size";i:1;s:14:"slides_to_show";i:1;s:10:"navigation";i:1;s:7:"link_to";i:1;s:13:"open_lightbox";i:1;}}}}s:8:"icon-box";a:3:{s:5:"count";i:3;s:15:"control_percent";i:2;s:8:"controls";a:2:{s:7:"content";a:1:{s:12:"section_icon";a:4:{s:4:"view";i:3;s:16:"description_text";i:3;s:5:"shape";i:1;s:13:"selected_icon";i:2;}}s:8:"advanced";a:1:{s:15:"section_effects";a:2:{s:10:"_animation";i:3;s:16:"_animation_delay";i:3;}}}}s:9:"image-box";a:3:{s:5:"count";i:2;s:15:"control_percent";i:2;s:8:"controls";a:2:{s:7:"content";a:1:{s:13:"section_image";a:3:{s:5:"image";i:2;s:16:"description_text";i:2;s:8:"position";i:2;}}s:5:"style";a:1:{s:19:"section_style_image";a:2:{s:11:"image_space";i:2;s:10:"image_size";i:2;}}}}s:7:"heading";a:3:{s:5:"count";i:2;s:15:"control_percent";i:3;s:8:"controls";a:3:{s:7:"content";a:1:{s:13:"section_title";a:2:{s:5:"title";i:2;s:5:"align";i:2;}}s:5:"style";a:1:{s:19:"section_title_style";a:3:{s:11:"title_color";i:2;s:21:"typography_typography";i:1;s:25:"typography_letter_spacing";i:1;}}s:8:"advanced";a:1:{s:14:"_section_style";a:1:{s:7:"_margin";i:2;}}}}s:11:"text-editor";a:3:{s:5:"count";i:2;s:15:"control_percent";i:1;s:8:"controls";a:2:{s:7:"content";a:1:{s:14:"section_editor";a:1:{s:6:"editor";i:2;}}s:5:"style";a:1:{s:13:"section_style";a:2:{s:5:"align";i:1;s:10:"text_color";i:1;}}}}s:22:"single-product-related";a:3:{s:5:"count";i:1;s:15:"control_percent";i:0;s:8:"controls";a:1:{s:7:"content";a:1:{s:24:"section_related_products";a:2:{s:14:"columns_tablet";i:1;s:14:"columns_mobile";i:1;}}}}s:20:"single-product-price";a:3:{s:5:"count";i:1;s:15:"control_percent";i:3;s:8:"controls";a:2:{s:5:"style";a:1:{s:13:"section_style";a:5:{s:35:"product_title_typography_typography";i:1;s:34:"product_title_typography_font_size";i:1;s:36:"product_title_typography_font_weight";i:1;s:10:"text_align";i:1;s:11:"price_color";i:1;}}s:8:"advanced";a:1:{s:14:"_section_style";a:1:{s:7:"_margin";i:1;}}}}s:26:"single-product-add-to-cart";a:3:{s:5:"count";i:1;s:15:"control_percent";i:2;s:8:"controls";a:2:{s:5:"style";a:2:{s:13:"section_style";a:3:{s:10:"text_align";i:1;s:20:"button_border_radius";i:1;s:14:"button_padding";i:1;}s:26:"section_atc_quantity_style";a:1:{s:22:"quantity_border_radius";i:1;}}s:8:"advanced";a:1:{s:14:"_section_style";a:1:{s:7:"_margin";i:1;}}}}}]]></wp:meta_value>
		</wp:postmeta>
							<wp:postmeta>
		<wp:meta_key><![CDATA[us_header_id]]></wp:meta_key>
		<wp:meta_value><![CDATA[__defaults__]]></wp:meta_value>
		</wp:postmeta>
							<wp:postmeta>
		<wp:meta_key><![CDATA[us_content_id]]></wp:meta_key>
		<wp:meta_value><![CDATA[__defaults__]]></wp:meta_value>
		</wp:postmeta>
							<wp:postmeta>
		<wp:meta_key><![CDATA[_us_in_content_ids]]></wp:meta_key>
		<wp:meta_value><![CDATA[]]></wp:meta_value>
		</wp:postmeta>
							<wp:postmeta>
		<wp:meta_key><![CDATA[us_migration_version]]></wp:meta_key>
		<wp:meta_value><![CDATA[6.0]]></wp:meta_value>
		</wp:postmeta>
							</item>
				</channel>
</rss>
	