<?xml version="1.0" encoding="UTF-8" ?>
<!-- This is a WordPress eXtended RSS file generated by WordPress as an export of your site. -->
<!-- It contains information about your site's posts, pages, comments, categories, and other content. -->
<!-- You may use this file to transfer that content from one site to another. -->
<!-- This file is not intended to serve as a complete backup of your site. -->

<!-- To import this information into a WordPress site follow these steps: -->
<!-- 1. Log in to that site as an administrator. -->
<!-- 2. Go to Tools: Import in the WordPress admin panel. -->
<!-- 3. Install the "WordPress" importer from the list. -->
<!-- 4. Activate & Run Importer. -->
<!-- 5. Upload this file using the form provided on that page. -->
<!-- 6. You will first be asked to map the authors in this export file to users -->
<!--    on the site. For each author, you may choose to map to an -->
<!--    existing user on the site or to create a new user. -->
<!-- 7. WordPress will then import each of the posts, pages, comments, categories, etc. -->
<!--    contained in this file into your site. -->

	<!-- generator="WordPress/5.3.2" created="2020-02-10 09:57" -->
<rss version="2.0"
	xmlns:excerpt="http://wordpress.org/export/1.2/excerpt/"
	xmlns:content="http://purl.org/rss/1.0/modules/content/"
	xmlns:wfw="http://wellformedweb.org/CommentAPI/"
	xmlns:dc="http://purl.org/dc/elements/1.1/"
	xmlns:wp="http://wordpress.org/export/1.2/"
>

<channel>
	<title>WooCommerce Page Builder For Elementor</title>
	<link>http://localhost/woocommerce-elementor</link>
	<description></description>
	<pubDate>Mon, 10 Feb 2020 09:57:41 +0000</pubDate>
	<language>en-US</language>
	<wp:wxr_version>1.2</wp:wxr_version>
	<wp:base_site_url>http://localhost/woocommerce-elementor/</wp:base_site_url>
	<wp:base_blog_url>http://localhost/woocommerce-elementor</wp:base_blog_url>

		<wp:author><wp:author_id>1</wp:author_id><wp:author_login><![CDATA[admin]]></wp:author_login><wp:author_email><![CDATA[dawnthemes@gmail.com]]></wp:author_email><wp:author_display_name><![CDATA[admin]]></wp:author_display_name><wp:author_first_name><![CDATA[Dawn]]></wp:author_first_name><wp:author_last_name><![CDATA[Themes]]></wp:author_last_name></wp:author>

				
	<generator>https://wordpress.org/?v=5.3.2</generator>

<image>
	<url>http://localhost/woocommerce-elementor/wp-content/uploads/2019/02/cropped-80x80-1-32x32.jpg</url>
	<title>WooCommerce Page Builder For Elementor</title>
	<link>http://localhost/woocommerce-elementor</link>
	<width>32</width>
	<height>32</height>
</image> 

		<item>
		<title>Checkout Layout #1</title>
		<link>http://localhost/woocommerce-elementor/?dtwcbe_woo_library=checkout-layout-1</link>
		<pubDate>Thu, 21 Feb 2019 10:46:54 +0000</pubDate>
		<dc:creator><![CDATA[admin]]></dc:creator>
		<guid isPermaLink="false">http://demo.dawnthemes.com/woocommerce-builder-elementor/wcbe1/?post_type=dtwcbe_woo_library&#038;p=278</guid>
		<description></description>
		<content:encoded><![CDATA[<h6>
					Free Shipping Worldwide
				</h6>
				<p>Lorem ipsum dolor sit amet, consectetur adipiscing elit. </p>
				<h6>
					Money Back Guarantee
				</h6>
				<p>Lorem ipsum dolor sit amet, consectetur adipiscing elit. </p>
				<h6>
					24/7 Support Center
				</h6>
				<p>Lorem ipsum dolor sit amet, consectetur adipiscing elit. </p>
												<a href="">Product Page Builder</a>
					<p>Click edit button to change this text. Lorem ipsum dolor sit amet, consectetur adipiscing elit. Ut elit tellus, luctus nec ullamcorper mattis, pulvinar dapibus leo.</p>
												<a href="">Shop Page Builder</a>
					<p>Click edit button to change this text. Lorem ipsum dolor sit amet, consectetur adipiscing elit. Ut elit tellus, luctus nec ullamcorper mattis, pulvinar dapibus leo.</p>
												<a href="">Category Page Builder</a>
					<p>Click edit button to change this text. Lorem ipsum dolor sit amet, consectetur adipiscing elit. Ut elit tellus, luctus nec ullamcorper mattis, pulvinar dapibus leo.</p>
												<a href="">Tag Page Buider</a>
					<p>Click edit button to change this text. Lorem ipsum dolor sit amet, consectetur adipiscing elit. Ut elit tellus, luctus nec ullamcorper mattis, pulvinar dapibus leo.</p>
												<a href="">Cart Page Builder</a>
					<p>Click edit button to change this text. Lorem ipsum dolor sit amet, consectetur adipiscing elit. Ut elit tellus, luctus nec ullamcorper mattis, pulvinar dapibus leo.</p>
												<a href="">Checkout Page Builder</a>
					<p>Click edit button to change this text. Lorem ipsum dolor sit amet, consectetur adipiscing elit. Ut elit tellus, luctus nec ullamcorper mattis, pulvinar dapibus leo.</p>
												<a href="">My Account Page Builder</a>
					<p>Click edit button to change this text. Lorem ipsum dolor sit amet, consectetur adipiscing elit. Ut elit tellus, luctus nec ullamcorper mattis, pulvinar dapibus leo.</p>
		https://www.youtube.com/watch?v=XHOmBV4js_E		
			]]></content:encoded>
		<excerpt:encoded><![CDATA[]]></excerpt:encoded>
		<wp:post_id>278</wp:post_id>
		<wp:post_date><![CDATA[2019-02-21 10:46:54]]></wp:post_date>
		<wp:post_date_gmt><![CDATA[2019-02-21 10:46:54]]></wp:post_date_gmt>
		<wp:comment_status><![CDATA[closed]]></wp:comment_status>
		<wp:ping_status><![CDATA[closed]]></wp:ping_status>
		<wp:post_name><![CDATA[checkout-layout-1]]></wp:post_name>
		<wp:status><![CDATA[publish]]></wp:status>
		<wp:post_parent>0</wp:post_parent>
		<wp:menu_order>0</wp:menu_order>
		<wp:post_type><![CDATA[dtwcbe_woo_library]]></wp:post_type>
		<wp:post_password><![CDATA[]]></wp:post_password>
		<wp:is_sticky>0</wp:is_sticky>
										<category domain="dtwcbe_woo_library_type" nicename="checkout-page"><![CDATA[checkout-page]]></category>
						<wp:postmeta>
		<wp:meta_key><![CDATA[_elementor_controls_usage]]></wp:meta_key>
		<wp:meta_value><![CDATA[a:0:{}]]></wp:meta_value>
		</wp:postmeta>
							<wp:postmeta>
		<wp:meta_key><![CDATA[_us_in_content_ids]]></wp:meta_key>
		<wp:meta_value><![CDATA[]]></wp:meta_value>
		</wp:postmeta>
							<wp:postmeta>
		<wp:meta_key><![CDATA[us_og_image]]></wp:meta_key>
		<wp:meta_value><![CDATA[]]></wp:meta_value>
		</wp:postmeta>
							<wp:postmeta>
		<wp:meta_key><![CDATA[_dtwcbe_edit_mode]]></wp:meta_key>
		<wp:meta_value><![CDATA[builder]]></wp:meta_value>
		</wp:postmeta>
							<wp:postmeta>
		<wp:meta_key><![CDATA[_dtwcbe_woo_template_type]]></wp:meta_key>
		<wp:meta_value><![CDATA[checkout-page]]></wp:meta_value>
		</wp:postmeta>
							<wp:postmeta>
		<wp:meta_key><![CDATA[us_og_image]]></wp:meta_key>
		<wp:meta_value><![CDATA[]]></wp:meta_value>
		</wp:postmeta>
							<wp:postmeta>
		<wp:meta_key><![CDATA[_elementor_edit_mode]]></wp:meta_key>
		<wp:meta_value><![CDATA[builder]]></wp:meta_value>
		</wp:postmeta>
							<wp:postmeta>
		<wp:meta_key><![CDATA[_elementor_template_type]]></wp:meta_key>
		<wp:meta_value><![CDATA[post]]></wp:meta_value>
		</wp:postmeta>
							<wp:postmeta>
		<wp:meta_key><![CDATA[_wp_page_template]]></wp:meta_key>
		<wp:meta_value><![CDATA[default]]></wp:meta_value>
		</wp:postmeta>
							<wp:postmeta>
		<wp:meta_key><![CDATA[_elementor_data]]></wp:meta_key>
		<wp:meta_value><![CDATA[[{"id":"ad6c8aa","elType":"section","settings":{"stretch_section":"section-stretched","structure":"30","background_background":"classic","background_color":"#f5f5f5","padding":{"unit":"px","top":"60","right":"0","bottom":"60","left":"0","isLinked":false}},"elements":[{"id":"eb95ea9","elType":"column","settings":{"_column_size":33,"_inline_size":null},"elements":[{"id":"179114a","elType":"widget","settings":{"icon":"fa fa-map-marker","title_text":"Free Shipping Worldwide","description_text":"Lorem ipsum dolor sit amet, consectetur adipiscing elit. ","title_size":"h6","primary_color":"#54595f","icon_size":{"unit":"px","size":30},"title_bottom_space":{"unit":"px","size":5},"title_color":"#54595f","title_typography_typography":"custom","title_typography_font_weight":"normal","title_typography_text_transform":"uppercase","description_color":"#7a7a7a","selected_icon":{"value":"fas fa-map-marker-alt","library":"fa-solid"}},"elements":[],"widgetType":"icon-box"}],"isInner":false},{"id":"b600569","elType":"column","settings":{"_column_size":33,"_inline_size":null},"elements":[{"id":"622aed8","elType":"widget","settings":{"icon":"fa fa-credit-card","title_text":"Money Back Guarantee","description_text":"Lorem ipsum dolor sit amet, consectetur adipiscing elit. ","title_size":"h6","primary_color":"#54595f","icon_size":{"unit":"px","size":30},"title_bottom_space":{"unit":"px","size":5},"title_color":"#54595f","title_typography_typography":"custom","title_typography_font_weight":"normal","title_typography_text_transform":"uppercase","description_color":"#7a7a7a","selected_icon":{"value":"far fa-credit-card","library":"fa-regular"}},"elements":[],"widgetType":"icon-box"}],"isInner":false},{"id":"a8e162f","elType":"column","settings":{"_column_size":33,"_inline_size":null},"elements":[{"id":"81a9069","elType":"widget","settings":{"icon":"fa fa-support","title_text":"24\/7 Support Center","description_text":"Lorem ipsum dolor sit amet, consectetur adipiscing elit. ","title_size":"h6","primary_color":"#54595f","icon_size":{"unit":"px","size":30},"title_bottom_space":{"unit":"px","size":5},"title_color":"#54595f","title_typography_typography":"custom","title_typography_font_weight":"normal","title_typography_text_transform":"uppercase","description_color":"#7a7a7a","selected_icon":{"value":"far fa-life-ring","library":"fa-regular"}},"elements":[],"widgetType":"icon-box"}],"isInner":false}],"isInner":false},{"id":"618b6e4","elType":"section","settings":{"gap":"wide","structure":"20","padding":{"unit":"px","top":"60","right":"0","bottom":"60","left":"0","isLinked":false}},"elements":[{"id":"acdb519","elType":"column","settings":{"_column_size":50,"_inline_size":null},"elements":[{"id":"1df7db2","elType":"widget","settings":[],"elements":[],"widgetType":"form-billing"},{"id":"11594ad","elType":"widget","settings":[],"elements":[],"widgetType":"form-shipping"}],"isInner":false},{"id":"ef35939","elType":"column","settings":{"_column_size":50,"_inline_size":null},"elements":[{"id":"96c8b53","elType":"widget","settings":{"tabs":[{"tab_title":"Product Page Builder","tab_content":"<p>Click edit button to change this text. Lorem ipsum dolor sit amet, consectetur adipiscing elit. Ut elit tellus, luctus nec ullamcorper mattis, pulvinar dapibus leo.<\/p>","_id":"2544894"},{"tab_title":"Shop Page Builder","tab_content":"<p>Click edit button to change this text. Lorem ipsum dolor sit amet, consectetur adipiscing elit. Ut elit tellus, luctus nec ullamcorper mattis, pulvinar dapibus leo.<\/p>","_id":"e59166c"},{"tab_title":"Category Page Builder","tab_content":"<p>Click edit button to change this text. Lorem ipsum dolor sit amet, consectetur adipiscing elit. Ut elit tellus, luctus nec ullamcorper mattis, pulvinar dapibus leo.<\/p>","_id":"532415a"},{"tab_title":"Tag Page Buider","tab_content":"<p>Click edit button to change this text. Lorem ipsum dolor sit amet, consectetur adipiscing elit. Ut elit tellus, luctus nec ullamcorper mattis, pulvinar dapibus leo.<\/p>","_id":"0add857"},{"tab_title":"Cart Page Builder","tab_content":"<p>Click edit button to change this text. Lorem ipsum dolor sit amet, consectetur adipiscing elit. Ut elit tellus, luctus nec ullamcorper mattis, pulvinar dapibus leo.<\/p>","_id":"5708fc1"},{"tab_title":"Checkout Page Builder","tab_content":"<p>Click edit button to change this text. Lorem ipsum dolor sit amet, consectetur adipiscing elit. Ut elit tellus, luctus nec ullamcorper mattis, pulvinar dapibus leo.<\/p>","_id":"aa5783e"},{"tab_title":"My Account Page Builder","tab_content":"<p>Click edit button to change this text. Lorem ipsum dolor sit amet, consectetur adipiscing elit. Ut elit tellus, luctus nec ullamcorper mattis, pulvinar dapibus leo.<\/p>","_id":"a7f9b8b"}],"title_color":"#54595f","tab_active_color":"#f16798","title_typography_typography":"custom","icon_color":"#54595f","icon_active_color":"#f16798"},"elements":[],"widgetType":"toggle"},{"id":"52e2db2","elType":"widget","settings":{"space":{"unit":"px","size":30}},"elements":[],"widgetType":"spacer"},{"id":"abe0304","elType":"widget","settings":[],"elements":[],"widgetType":"review-order"}],"isInner":false}],"isInner":false},{"id":"f2a1fb8","elType":"section","settings":{"gap":"wide","structure":"20"},"elements":[{"id":"b52204e","elType":"column","settings":{"_column_size":50,"_inline_size":null},"elements":[{"id":"450abc0","elType":"widget","settings":{"youtube_url":"https:\/\/www.youtube.com\/watch?v=XHOmBV4js_E","vimeo_url":"https:\/\/vimeo.com\/235215203","dailymotion_url":"https:\/\/www.dailymotion.com\/video\/x6tqhqb"},"elements":[],"widgetType":"video"}],"isInner":false},{"id":"7b04194","elType":"column","settings":{"_column_size":50,"_inline_size":null},"elements":[{"id":"4336d4d","elType":"widget","settings":{"address":"London Eye, London, United Kingdom"},"elements":[],"widgetType":"google_maps"}],"isInner":false}],"isInner":false}]]]></wp:meta_value>
		</wp:postmeta>
							<wp:postmeta>
		<wp:meta_key><![CDATA[_elementor_version]]></wp:meta_key>
		<wp:meta_value><![CDATA[0.4]]></wp:meta_value>
		</wp:postmeta>
							<wp:postmeta>
		<wp:meta_key><![CDATA[_oembed_f8a21e0e6a462ed42bd0798b2950cb9c]]></wp:meta_key>
		<wp:meta_value><![CDATA[<iframe width="500" height="281" src="https://www.youtube.com/embed/XHOmBV4js_E?feature=oembed" frameborder="0" allow="accelerometer; autoplay; encrypted-media; gyroscope; picture-in-picture" allowfullscreen></iframe>]]></wp:meta_value>
		</wp:postmeta>
							<wp:postmeta>
		<wp:meta_key><![CDATA[_oembed_time_f8a21e0e6a462ed42bd0798b2950cb9c]]></wp:meta_key>
		<wp:meta_value><![CDATA[1550758658]]></wp:meta_value>
		</wp:postmeta>
							<wp:postmeta>
		<wp:meta_key><![CDATA[_elementor_controls_usage]]></wp:meta_key>
		<wp:meta_value><![CDATA[a:10:{s:8:"icon-box";a:3:{s:5:"count";i:3;s:15:"control_percent";i:5;s:8:"controls";a:2:{s:7:"content";a:1:{s:12:"section_icon";a:4:{s:10:"title_text";i:3;s:16:"description_text";i:3;s:10:"title_size";i:3;s:13:"selected_icon";i:3;}}s:5:"style";a:2:{s:18:"section_style_icon";a:2:{s:13:"primary_color";i:3;s:9:"icon_size";i:3;}s:21:"section_style_content";a:6:{s:18:"title_bottom_space";i:3;s:11:"title_color";i:3;s:27:"title_typography_typography";i:3;s:28:"title_typography_font_weight";i:3;s:31:"title_typography_text_transform";i:3;s:17:"description_color";i:3;}}}}s:6:"column";a:3:{s:5:"count";i:7;s:15:"control_percent";i:0;s:8:"controls";a:1:{s:6:"layout";a:1:{s:6:"layout";a:1:{s:12:"_inline_size";i:7;}}}}s:7:"section";a:3:{s:5:"count";i:3;s:15:"control_percent";i:1;s:8:"controls";a:3:{s:6:"layout";a:2:{s:14:"section_layout";a:2:{s:15:"stretch_section";i:1;s:3:"gap";i:2;}s:17:"section_structure";a:1:{s:9:"structure";i:3;}}s:5:"style";a:1:{s:18:"section_background";a:2:{s:21:"background_background";i:1;s:16:"background_color";i:1;}}s:8:"advanced";a:1:{s:16:"section_advanced";a:1:{s:7:"padding";i:2;}}}}s:12:"form-billing";a:3:{s:5:"count";i:1;s:15:"control_percent";i:0;s:8:"controls";a:0:{}}s:13:"form-shipping";a:3:{s:5:"count";i:1;s:15:"control_percent";i:0;s:8:"controls";a:0:{}}s:6:"toggle";a:3:{s:5:"count";i:1;s:15:"control_percent";i:2;s:8:"controls";a:2:{s:7:"content";a:1:{s:14:"section_toggle";a:1:{s:4:"tabs";i:1;}}s:5:"style";a:2:{s:26:"section_toggle_style_title";a:3:{s:11:"title_color";i:1;s:16:"tab_active_color";i:1;s:27:"title_typography_typography";i:1;}s:25:"section_toggle_style_icon";a:2:{s:10:"icon_color";i:1;s:17:"icon_active_color";i:1;}}}}s:6:"spacer";a:3:{s:5:"count";i:1;s:15:"control_percent";i:1;s:8:"controls";a:1:{s:7:"content";a:1:{s:14:"section_spacer";a:1:{s:5:"space";i:1;}}}}s:12:"review-order";a:3:{s:5:"count";i:1;s:15:"control_percent";i:0;s:8:"controls";a:0:{}}s:5:"video";a:3:{s:5:"count";i:1;s:15:"control_percent";i:0;s:8:"controls";a:0:{}}s:11:"google_maps";a:3:{s:5:"count";i:1;s:15:"control_percent";i:0;s:8:"controls";a:0:{}}}]]></wp:meta_value>
		</wp:postmeta>
							<wp:postmeta>
		<wp:meta_key><![CDATA[us_header_id]]></wp:meta_key>
		<wp:meta_value><![CDATA[__defaults__]]></wp:meta_value>
		</wp:postmeta>
							<wp:postmeta>
		<wp:meta_key><![CDATA[us_titlebar_id]]></wp:meta_key>
		<wp:meta_value><![CDATA[__defaults__]]></wp:meta_value>
		</wp:postmeta>
							<wp:postmeta>
		<wp:meta_key><![CDATA[us_content_id]]></wp:meta_key>
		<wp:meta_value><![CDATA[__defaults__]]></wp:meta_value>
		</wp:postmeta>
							<wp:postmeta>
		<wp:meta_key><![CDATA[us_sidebar_id]]></wp:meta_key>
		<wp:meta_value><![CDATA[__defaults__]]></wp:meta_value>
		</wp:postmeta>
							<wp:postmeta>
		<wp:meta_key><![CDATA[us_sidebar_pos]]></wp:meta_key>
		<wp:meta_value><![CDATA[right]]></wp:meta_value>
		</wp:postmeta>
							<wp:postmeta>
		<wp:meta_key><![CDATA[us_footer_id]]></wp:meta_key>
		<wp:meta_value><![CDATA[__defaults__]]></wp:meta_value>
		</wp:postmeta>
							<wp:postmeta>
		<wp:meta_key><![CDATA[_us_in_content_ids]]></wp:meta_key>
		<wp:meta_value><![CDATA[]]></wp:meta_value>
		</wp:postmeta>
							<wp:postmeta>
		<wp:meta_key><![CDATA[us_migration_version]]></wp:meta_key>
		<wp:meta_value><![CDATA[6.0]]></wp:meta_value>
		</wp:postmeta>
							</item>
				</channel>
</rss>
	