<?xml version="1.0" encoding="UTF-8" ?>
<!-- This is a WordPress eXtended RSS file generated by WordPress as an export of your site. -->
<!-- It contains information about your site's posts, pages, comments, categories, and other content. -->
<!-- You may use this file to transfer that content from one site to another. -->
<!-- This file is not intended to serve as a complete backup of your site. -->

<!-- To import this information into a WordPress site follow these steps: -->
<!-- 1. Log in to that site as an administrator. -->
<!-- 2. Go to Tools: Import in the WordPress admin panel. -->
<!-- 3. Install the "WordPress" importer from the list. -->
<!-- 4. Activate & Run Importer. -->
<!-- 5. Upload this file using the form provided on that page. -->
<!-- 6. You will first be asked to map the authors in this export file to users -->
<!--    on the site. For each author, you may choose to map to an -->
<!--    existing user on the site or to create a new user. -->
<!-- 7. WordPress will then import each of the posts, pages, comments, categories, etc. -->
<!--    contained in this file into your site. -->

	<!-- generator="WordPress/5.3.2" created="2020-02-10 10:04" -->
<rss version="2.0"
	xmlns:excerpt="http://wordpress.org/export/1.2/excerpt/"
	xmlns:content="http://purl.org/rss/1.0/modules/content/"
	xmlns:wfw="http://wellformedweb.org/CommentAPI/"
	xmlns:dc="http://purl.org/dc/elements/1.1/"
	xmlns:wp="http://wordpress.org/export/1.2/"
>

<channel>
	<title>WooCommerce Page Builder For Elementor</title>
	<link>http://localhost/woocommerce-elementor</link>
	<description></description>
	<pubDate>Mon, 10 Feb 2020 10:04:18 +0000</pubDate>
	<language>en-US</language>
	<wp:wxr_version>1.2</wp:wxr_version>
	<wp:base_site_url>http://localhost/woocommerce-elementor/</wp:base_site_url>
	<wp:base_blog_url>http://localhost/woocommerce-elementor</wp:base_blog_url>

		<wp:author><wp:author_id>1</wp:author_id><wp:author_login><![CDATA[admin]]></wp:author_login><wp:author_email><![CDATA[dawnthemes@gmail.com]]></wp:author_email><wp:author_display_name><![CDATA[admin]]></wp:author_display_name><wp:author_first_name><![CDATA[Dawn]]></wp:author_first_name><wp:author_last_name><![CDATA[Themes]]></wp:author_last_name></wp:author>

				
	<generator>https://wordpress.org/?v=5.3.2</generator>

<image>
	<url>http://localhost/woocommerce-elementor/wp-content/uploads/2019/02/cropped-80x80-1-32x32.jpg</url>
	<title>WooCommerce Page Builder For Elementor</title>
	<link>http://localhost/woocommerce-elementor</link>
	<width>32</width>
	<height>32</height>
</image> 

		<item>
		<title>My Account Layout #2</title>
		<link>http://localhost/woocommerce-elementor/?dtwcbe_woo_library=my-account-layout-2</link>
		<pubDate>Fri, 22 Feb 2019 08:02:35 +0000</pubDate>
		<dc:creator><![CDATA[admin]]></dc:creator>
		<guid isPermaLink="false">http://demo.dawnthemes.com/woocommerce-builder-elementor/wcbe2/?post_type=dtwcbe_woo_library&#038;p=248</guid>
		<description></description>
		<content:encoded><![CDATA[<p>Hello <strong>admin</strong> (not <strong>admin</strong>? <a href="http://demo.dawnthemes.com/woocommerce-builder-elementor/wcbe2/my-account/customer-logout/?_wpnonce=df9256a33e">Log out</a>)</p>
<p>From your account dashboard you can view your <a href="http://demo.dawnthemes.com/woocommerce-builder-elementor/wcbe2/orders/?dtwcbe_woo_library=my-account-layout-2">recent orders</a>, manage your <a href="http://demo.dawnthemes.com/woocommerce-builder-elementor/wcbe2/edit-address/?dtwcbe_woo_library=my-account-layout-2">shipping and billing addresses</a>, and <a href="http://demo.dawnthemes.com/woocommerce-builder-elementor/wcbe2/edit-account/?dtwcbe_woo_library=my-account-layout-2">edit your password and account details</a>.</p>
			<h6>Orders</h6>		
		<a href="http://demo.dawnthemes.com/woocommerce-builder-elementor/wcbe2/shop/">
			Go shop		</a>
		No order has been made yet.	
			<h6>Downloads</h6>		
			<h6>Addresss</h6>		
<p>
	The following addresses will be used on the checkout page by default.</p>
		<header>
			<h3>Billing address</h3>
			<a href="http://demo.dawnthemes.com/woocommerce-builder-elementor/wcbe2/edit-address/billing/?dtwcbe_woo_library=my-account-layout-2">Edit</a>
		</header>
		<address>Dawn Themes<br />DawnThemes<br />Victoria<br />Victoria 3000<br />Australia</address>
		<header>
			<h3>Shipping address</h3>
			<a href="http://demo.dawnthemes.com/woocommerce-builder-elementor/wcbe2/edit-address/shipping/?dtwcbe_woo_library=my-account-layout-2">Edit</a>
		</header>
		<address>Dawn Themes<br />DawnThemes<br />Victoria<br />Victoria 100000<br />Australia</address>
			<h6>Account Details</h6>		

	<p>
		<label for="account_first_name">First name&nbsp;*</label>
		
	</p>
	<p>
		<label for="account_last_name">Last name&nbsp;*</label>
		
	</p>
	<p>
		<label for="account_display_name">Display name&nbsp;*</label>
		 <em>This will be how your name will be displayed in the account section and in reviews</em>
	</p>
	<p>
		<label for="account_email">Email address&nbsp;*</label>
		
	</p>
	<fieldset>
		<legend>Password change</legend>
		<p>
			<label for="password_current">Current password (leave blank to leave unchanged)</label>
			
		</p>
		<p>
			<label for="password_1">New password (leave blank to leave unchanged)</label>
			
		</p>
		<p>
			<label for="password_2">Confirm new password</label>
			
		</p>
	</fieldset>
	<p>
				<button type="submit" name="save_account_details" value="Save changes">Save changes</button>
		
	</p>
	
			<h6>Extra key endpoint</h6>		
			woocommerce_account_extra_endpoint		
				<a href="http://demo.dawnthemes.com/woocommerce-builder-elementor/wcbe2/my-account/customer-logout/?_wpnonce=df9256a33e">Logout</a>]]></content:encoded>
		<excerpt:encoded><![CDATA[]]></excerpt:encoded>
		<wp:post_id>248</wp:post_id>
		<wp:post_date><![CDATA[2019-02-22 08:02:35]]></wp:post_date>
		<wp:post_date_gmt><![CDATA[2019-02-22 08:02:35]]></wp:post_date_gmt>
		<wp:comment_status><![CDATA[closed]]></wp:comment_status>
		<wp:ping_status><![CDATA[closed]]></wp:ping_status>
		<wp:post_name><![CDATA[my-account-layout-2]]></wp:post_name>
		<wp:status><![CDATA[publish]]></wp:status>
		<wp:post_parent>0</wp:post_parent>
		<wp:menu_order>0</wp:menu_order>
		<wp:post_type><![CDATA[dtwcbe_woo_library]]></wp:post_type>
		<wp:post_password><![CDATA[]]></wp:post_password>
		<wp:is_sticky>0</wp:is_sticky>
										<category domain="dtwcbe_woo_library_type" nicename="my-account"><![CDATA[my-account]]></category>
						<wp:postmeta>
		<wp:meta_key><![CDATA[_elementor_controls_usage]]></wp:meta_key>
		<wp:meta_value><![CDATA[a:0:{}]]></wp:meta_value>
		</wp:postmeta>
							<wp:postmeta>
		<wp:meta_key><![CDATA[_us_in_content_ids]]></wp:meta_key>
		<wp:meta_value><![CDATA[]]></wp:meta_value>
		</wp:postmeta>
							<wp:postmeta>
		<wp:meta_key><![CDATA[us_og_image]]></wp:meta_key>
		<wp:meta_value><![CDATA[]]></wp:meta_value>
		</wp:postmeta>
							<wp:postmeta>
		<wp:meta_key><![CDATA[_dtwcbe_edit_mode]]></wp:meta_key>
		<wp:meta_value><![CDATA[builder]]></wp:meta_value>
		</wp:postmeta>
							<wp:postmeta>
		<wp:meta_key><![CDATA[_dtwcbe_woo_template_type]]></wp:meta_key>
		<wp:meta_value><![CDATA[my-account]]></wp:meta_value>
		</wp:postmeta>
							<wp:postmeta>
		<wp:meta_key><![CDATA[us_og_image]]></wp:meta_key>
		<wp:meta_value><![CDATA[]]></wp:meta_value>
		</wp:postmeta>
							<wp:postmeta>
		<wp:meta_key><![CDATA[_elementor_edit_mode]]></wp:meta_key>
		<wp:meta_value><![CDATA[builder]]></wp:meta_value>
		</wp:postmeta>
							<wp:postmeta>
		<wp:meta_key><![CDATA[_elementor_template_type]]></wp:meta_key>
		<wp:meta_value><![CDATA[post]]></wp:meta_value>
		</wp:postmeta>
							<wp:postmeta>
		<wp:meta_key><![CDATA[_wp_page_template]]></wp:meta_key>
		<wp:meta_value><![CDATA[default]]></wp:meta_value>
		</wp:postmeta>
							<wp:postmeta>
		<wp:meta_key><![CDATA[_elementor_data]]></wp:meta_key>
		<wp:meta_value><![CDATA[[{"id":"0fb1ab4","elType":"section","settings":{"stretch_section":"section-stretched","background_background":"classic","background_color":"#f5f5f5","padding":{"unit":"px","top":"30","right":"0","bottom":"30","left":"0","isLinked":false}},"elements":[{"id":"205212e","elType":"column","settings":{"_column_size":100,"_inline_size":null,"background_background":"classic","background_color":"#ffffff","border_border":"solid","border_width":{"unit":"px","top":"1","right":"1","bottom":"1","left":"1","isLinked":true},"border_color":"rgba(122,122,122,0.5)","border_radius":{"unit":"px","top":"3","right":"3","bottom":"3","left":"3","isLinked":true},"margin":{"unit":"px","top":"10","right":"10","bottom":"10","left":"10","isLinked":true},"padding":{"unit":"px","top":"20","right":"20","bottom":"20","left":"20","isLinked":true}},"elements":[{"id":"ea5bb96","elType":"widget","settings":[],"elements":[],"widgetType":"dashboard"}],"isInner":false}],"isInner":false},{"id":"0ec2d33","elType":"section","settings":{"stretch_section":"section-stretched","gap":"wide","structure":"20","background_background":"classic","background_color":"#f5f5f5","padding":{"unit":"px","top":"0","right":"0","bottom":"0","left":"0","isLinked":false},"content_position":"top"},"elements":[{"id":"aa81ef7","elType":"column","settings":{"_column_size":50,"_inline_size":null,"background_background":"classic","background_color":"#ffffff","border_border":"solid","border_width":{"unit":"px","top":"1","right":"1","bottom":"1","left":"1","isLinked":true},"border_color":"rgba(122,122,122,0.5)","border_radius":{"unit":"px","top":"3","right":"3","bottom":"3","left":"3","isLinked":true},"margin":{"unit":"px","top":"10","right":"10","bottom":"10","left":"10","isLinked":true}},"elements":[{"id":"159c837","elType":"widget","settings":{"title":"Orders","header_size":"h6","title_color":"#54595f","typography_typography":"custom"},"elements":[],"widgetType":"heading"},{"id":"52ed82c","elType":"widget","settings":[],"elements":[],"widgetType":"orders"}],"isInner":false},{"id":"0a44122","elType":"column","settings":{"_column_size":50,"_inline_size":null,"background_background":"classic","background_color":"#ffffff","border_border":"solid","border_width":{"unit":"px","top":"1","right":"1","bottom":"1","left":"1","isLinked":true},"border_color":"rgba(122,122,122,0.5)","border_radius":{"unit":"px","top":"3","right":"3","bottom":"3","left":"3","isLinked":true},"margin":{"unit":"px","top":"10","right":"10","bottom":"10","left":"10","isLinked":true}},"elements":[{"id":"6247a6b","elType":"widget","settings":{"title":"Downloads","header_size":"h6","title_color":"#54595f","typography_typography":"custom"},"elements":[],"widgetType":"heading"},{"id":"f1f0b83","elType":"widget","settings":[],"elements":[],"widgetType":"downloads"}],"isInner":false}],"isInner":false},{"id":"661b781","elType":"section","settings":{"stretch_section":"section-stretched","gap":"wide","structure":"20","background_background":"classic","background_color":"#f5f5f5","padding":{"unit":"px","top":"0","right":"0","bottom":"0","left":"0","isLinked":false},"content_position":"top"},"elements":[{"id":"293da21","elType":"column","settings":{"_column_size":50,"_inline_size":null,"background_background":"classic","background_color":"#ffffff","border_border":"solid","border_width":{"unit":"px","top":"1","right":"1","bottom":"1","left":"1","isLinked":true},"border_color":"rgba(122,122,122,0.5)","border_radius":{"unit":"px","top":"3","right":"3","bottom":"3","left":"3","isLinked":true},"margin":{"unit":"px","top":"10","right":"10","bottom":"10","left":"10","isLinked":true}},"elements":[{"id":"a22c48c","elType":"widget","settings":{"title":"Addresss","header_size":"h6","title_color":"#54595f","typography_typography":"custom"},"elements":[],"widgetType":"heading"},{"id":"f7337a8","elType":"widget","settings":[],"elements":[],"widgetType":"form-edit-address"}],"isInner":false},{"id":"bb38873","elType":"column","settings":{"_column_size":50,"_inline_size":null,"background_background":"classic","background_color":"#ffffff","border_border":"solid","border_width":{"unit":"px","top":"1","right":"1","bottom":"1","left":"1","isLinked":true},"border_color":"rgba(122,122,122,0.5)","border_radius":{"unit":"px","top":"3","right":"3","bottom":"3","left":"3","isLinked":true},"margin":{"unit":"px","top":"10","right":"10","bottom":"10","left":"10","isLinked":true}},"elements":[{"id":"efb91b1","elType":"widget","settings":{"title":"Account Details","header_size":"h6","title_color":"#54595f","typography_typography":"custom"},"elements":[],"widgetType":"heading"},{"id":"ec99f2d","elType":"widget","settings":[],"elements":[],"widgetType":"form-edit-account"}],"isInner":false}],"isInner":false},{"id":"eb95e69","elType":"section","settings":{"stretch_section":"section-stretched","gap":"wide","structure":"20","background_background":"classic","background_color":"#f5f5f5","padding":{"unit":"px","top":"0","right":"0","bottom":"0","left":"0","isLinked":false},"content_position":"top"},"elements":[{"id":"4833d83","elType":"column","settings":{"_column_size":50,"_inline_size":null,"background_background":"classic","background_color":"#ffffff","border_border":"solid","border_width":{"unit":"px","top":"1","right":"1","bottom":"1","left":"1","isLinked":true},"border_color":"rgba(122,122,122,0.5)","border_radius":{"unit":"px","top":"3","right":"3","bottom":"3","left":"3","isLinked":true},"margin":{"unit":"px","top":"10","right":"10","bottom":"10","left":"10","isLinked":true}},"elements":[{"id":"0350d91","elType":"widget","settings":{"title":"Extra key endpoint","header_size":"h6","title_color":"#54595f","typography_typography":"custom"},"elements":[],"widgetType":"heading"},{"id":"daed3f8","elType":"widget","settings":{"extra_key":"extra"},"elements":[],"widgetType":"extra-endpoint"}],"isInner":false},{"id":"c3e1c0d","elType":"column","settings":{"_column_size":50,"_inline_size":null,"background_background":"classic","background_color":"#ffffff","border_border":"solid","border_width":{"unit":"px","top":"1","right":"1","bottom":"1","left":"1","isLinked":true},"border_color":"rgba(122,122,122,0.5)","border_radius":{"unit":"px","top":"3","right":"3","bottom":"3","left":"3","isLinked":true},"margin":{"unit":"px","top":"10","right":"10","bottom":"10","left":"10","isLinked":true}},"elements":[{"id":"4feab5c","elType":"widget","settings":{"align":"right"},"elements":[],"widgetType":"logout"}],"isInner":false}],"isInner":false}]]]></wp:meta_value>
		</wp:postmeta>
							<wp:postmeta>
		<wp:meta_key><![CDATA[_elementor_version]]></wp:meta_key>
		<wp:meta_value><![CDATA[0.4]]></wp:meta_value>
		</wp:postmeta>
							<wp:postmeta>
		<wp:meta_key><![CDATA[_elementor_controls_usage]]></wp:meta_key>
		<wp:meta_value><![CDATA[a:10:{s:9:"dashboard";a:3:{s:5:"count";i:1;s:15:"control_percent";i:0;s:8:"controls";a:0:{}}s:6:"column";a:3:{s:5:"count";i:7;s:15:"control_percent";i:3;s:8:"controls";a:3:{s:6:"layout";a:1:{s:6:"layout";a:1:{s:12:"_inline_size";i:7;}}s:5:"style";a:2:{s:13:"section_style";a:2:{s:21:"background_background";i:7;s:16:"background_color";i:7;}s:14:"section_border";a:4:{s:13:"border_border";i:7;s:12:"border_width";i:7;s:12:"border_color";i:7;s:13:"border_radius";i:7;}}s:8:"advanced";a:1:{s:16:"section_advanced";a:2:{s:6:"margin";i:7;s:7:"padding";i:1;}}}}s:7:"section";a:3:{s:5:"count";i:4;s:15:"control_percent";i:2;s:8:"controls";a:3:{s:6:"layout";a:2:{s:14:"section_layout";a:3:{s:15:"stretch_section";i:4;s:3:"gap";i:3;s:16:"content_position";i:3;}s:17:"section_structure";a:1:{s:9:"structure";i:3;}}s:5:"style";a:1:{s:18:"section_background";a:2:{s:21:"background_background";i:4;s:16:"background_color";i:4;}}s:8:"advanced";a:1:{s:16:"section_advanced";a:1:{s:7:"padding";i:4;}}}}s:7:"heading";a:3:{s:5:"count";i:5;s:15:"control_percent";i:2;s:8:"controls";a:2:{s:7:"content";a:1:{s:13:"section_title";a:2:{s:5:"title";i:5;s:11:"header_size";i:5;}}s:5:"style";a:1:{s:19:"section_title_style";a:2:{s:11:"title_color";i:5;s:21:"typography_typography";i:5;}}}}s:6:"orders";a:3:{s:5:"count";i:1;s:15:"control_percent";i:0;s:8:"controls";a:0:{}}s:9:"downloads";a:3:{s:5:"count";i:1;s:15:"control_percent";i:0;s:8:"controls";a:0:{}}s:17:"form-edit-address";a:3:{s:5:"count";i:1;s:15:"control_percent";i:0;s:8:"controls";a:0:{}}s:17:"form-edit-account";a:3:{s:5:"count";i:1;s:15:"control_percent";i:0;s:8:"controls";a:0:{}}s:14:"extra-endpoint";a:3:{s:5:"count";i:1;s:15:"control_percent";i:1;s:8:"controls";a:1:{s:7:"content";a:1:{s:22:"section_extra_endpoint";a:1:{s:9:"extra_key";i:1;}}}}s:6:"logout";a:3:{s:5:"count";i:1;s:15:"control_percent";i:0;s:8:"controls";a:1:{s:5:"style";a:1:{s:13:"section_style";a:1:{s:5:"align";i:1;}}}}}]]></wp:meta_value>
		</wp:postmeta>
							<wp:postmeta>
		<wp:meta_key><![CDATA[us_header_id]]></wp:meta_key>
		<wp:meta_value><![CDATA[__defaults__]]></wp:meta_value>
		</wp:postmeta>
							<wp:postmeta>
		<wp:meta_key><![CDATA[us_titlebar_id]]></wp:meta_key>
		<wp:meta_value><![CDATA[__defaults__]]></wp:meta_value>
		</wp:postmeta>
							<wp:postmeta>
		<wp:meta_key><![CDATA[us_content_id]]></wp:meta_key>
		<wp:meta_value><![CDATA[__defaults__]]></wp:meta_value>
		</wp:postmeta>
							<wp:postmeta>
		<wp:meta_key><![CDATA[us_sidebar_id]]></wp:meta_key>
		<wp:meta_value><![CDATA[__defaults__]]></wp:meta_value>
		</wp:postmeta>
							<wp:postmeta>
		<wp:meta_key><![CDATA[us_sidebar_pos]]></wp:meta_key>
		<wp:meta_value><![CDATA[right]]></wp:meta_value>
		</wp:postmeta>
							<wp:postmeta>
		<wp:meta_key><![CDATA[us_footer_id]]></wp:meta_key>
		<wp:meta_value><![CDATA[__defaults__]]></wp:meta_value>
		</wp:postmeta>
							<wp:postmeta>
		<wp:meta_key><![CDATA[_us_in_content_ids]]></wp:meta_key>
		<wp:meta_value><![CDATA[]]></wp:meta_value>
		</wp:postmeta>
							<wp:postmeta>
		<wp:meta_key><![CDATA[us_migration_version]]></wp:meta_key>
		<wp:meta_value><![CDATA[6.0]]></wp:meta_value>
		</wp:postmeta>
							</item>
				</channel>
</rss>
	