<?xml version="1.0" encoding="UTF-8" ?>
<!-- This is a WordPress eXtended RSS file generated by WordPress as an export of your site. -->
<!-- It contains information about your site's posts, pages, comments, categories, and other content. -->
<!-- You may use this file to transfer that content from one site to another. -->
<!-- This file is not intended to serve as a complete backup of your site. -->

<!-- To import this information into a WordPress site follow these steps: -->
<!-- 1. Log in to that site as an administrator. -->
<!-- 2. Go to Tools: Import in the WordPress admin panel. -->
<!-- 3. Install the "WordPress" importer from the list. -->
<!-- 4. Activate & Run Importer. -->
<!-- 5. Upload this file using the form provided on that page. -->
<!-- 6. You will first be asked to map the authors in this export file to users -->
<!--    on the site. For each author, you may choose to map to an -->
<!--    existing user on the site or to create a new user. -->
<!-- 7. WordPress will then import each of the posts, pages, comments, categories, etc. -->
<!--    contained in this file into your site. -->

	<!-- generator="WordPress/5.3.2" created="2020-02-10 10:08" -->
<rss version="2.0"
	xmlns:excerpt="http://wordpress.org/export/1.2/excerpt/"
	xmlns:content="http://purl.org/rss/1.0/modules/content/"
	xmlns:wfw="http://wellformedweb.org/CommentAPI/"
	xmlns:dc="http://purl.org/dc/elements/1.1/"
	xmlns:wp="http://wordpress.org/export/1.2/"
>

<channel>
	<title>WooCommerce Page Builder For Elementor</title>
	<link>http://localhost/woocommerce-elementor</link>
	<description></description>
	<pubDate>Mon, 10 Feb 2020 10:08:01 +0000</pubDate>
	<language>en-US</language>
	<wp:wxr_version>1.2</wp:wxr_version>
	<wp:base_site_url>http://localhost/woocommerce-elementor/</wp:base_site_url>
	<wp:base_blog_url>http://localhost/woocommerce-elementor</wp:base_blog_url>

		<wp:author><wp:author_id>1</wp:author_id><wp:author_login><![CDATA[admin]]></wp:author_login><wp:author_email><![CDATA[dawnthemes@gmail.com]]></wp:author_email><wp:author_display_name><![CDATA[admin]]></wp:author_display_name><wp:author_first_name><![CDATA[Dawn]]></wp:author_first_name><wp:author_last_name><![CDATA[Themes]]></wp:author_last_name></wp:author>

				
	<generator>https://wordpress.org/?v=5.3.2</generator>

<image>
	<url>http://localhost/woocommerce-elementor/wp-content/uploads/2019/02/cropped-80x80-1-32x32.jpg</url>
	<title>WooCommerce Page Builder For Elementor</title>
	<link>http://localhost/woocommerce-elementor</link>
	<width>32</width>
	<height>32</height>
</image> 

		<item>
		<title>Cart Layout #3</title>
		<link>http://localhost/woocommerce-elementor/?dtwcbe_woo_library=cart-layout-3</link>
		<pubDate>Thu, 21 Feb 2019 10:21:04 +0000</pubDate>
		<dc:creator><![CDATA[admin]]></dc:creator>
		<guid isPermaLink="false">http://demo.dawnthemes.com/woocommerce-builder-elementor/wcbe3/?post_type=dtwcbe_woo_library&#038;p=266</guid>
		<description></description>
		<content:encoded><![CDATA[<h3>
					This is the heading
				</h3>
				<p>Click edit button to change this text. Lorem ipsum dolor sit amet, consectetur adipiscing elit. Ut elit tellus, luctus nec ullamcorper mattis, pulvinar dapibus leo.</p>
				<h3>
					This is the heading
				</h3>
				<p>Click edit button to change this text. Lorem ipsum dolor sit amet, consectetur adipiscing elit. Ut elit tellus, luctus nec ullamcorper mattis, pulvinar dapibus leo.</p>
				<h3>
					This is the heading
				</h3>
				<p>Click edit button to change this text. Lorem ipsum dolor sit amet, consectetur adipiscing elit. Ut elit tellus, luctus nec ullamcorper mattis, pulvinar dapibus leo.</p>
			<figure><img width="1920" height="1080" src="http://demo.dawnthemes.com/woocommerce-builder-elementor/wcbe3/wp-content/uploads/sites/4/2019/02/woman-shopping-street-bags-shop-stock-today-180302-tease_192a54ebcfb697d311d3bdfc82ad1151.jpg" alt="" /></figure><h4>The Best Unique Handmade Goods</h4><p>We would like to convey to you the warmth of our hearts</p>		
			<a href="#" role="button">
						Continue Shopping
					</a>]]></content:encoded>
		<excerpt:encoded><![CDATA[]]></excerpt:encoded>
		<wp:post_id>266</wp:post_id>
		<wp:post_date><![CDATA[2019-02-21 10:21:04]]></wp:post_date>
		<wp:post_date_gmt><![CDATA[2019-02-21 10:21:04]]></wp:post_date_gmt>
		<wp:comment_status><![CDATA[closed]]></wp:comment_status>
		<wp:ping_status><![CDATA[closed]]></wp:ping_status>
		<wp:post_name><![CDATA[cart-layout-3]]></wp:post_name>
		<wp:status><![CDATA[publish]]></wp:status>
		<wp:post_parent>0</wp:post_parent>
		<wp:menu_order>0</wp:menu_order>
		<wp:post_type><![CDATA[dtwcbe_woo_library]]></wp:post_type>
		<wp:post_password><![CDATA[]]></wp:post_password>
		<wp:is_sticky>0</wp:is_sticky>
										<category domain="dtwcbe_woo_library_type" nicename="cart-page"><![CDATA[cart-page]]></category>
						<wp:postmeta>
		<wp:meta_key><![CDATA[_elementor_controls_usage]]></wp:meta_key>
		<wp:meta_value><![CDATA[a:0:{}]]></wp:meta_value>
		</wp:postmeta>
							<wp:postmeta>
		<wp:meta_key><![CDATA[_us_in_content_ids]]></wp:meta_key>
		<wp:meta_value><![CDATA[]]></wp:meta_value>
		</wp:postmeta>
							<wp:postmeta>
		<wp:meta_key><![CDATA[us_og_image]]></wp:meta_key>
		<wp:meta_value><![CDATA[http://demo.dawnthemes.com/woocommerce-builder-elementor/wcbe3/wp-content/uploads/sites/4/2019/02/woman-shopping-street-bags-shop-stock-today-180302-tease_192a54ebcfb697d311d3bdfc82ad1151.jpg]]></wp:meta_value>
		</wp:postmeta>
							<wp:postmeta>
		<wp:meta_key><![CDATA[_dtwcbe_edit_mode]]></wp:meta_key>
		<wp:meta_value><![CDATA[builder]]></wp:meta_value>
		</wp:postmeta>
							<wp:postmeta>
		<wp:meta_key><![CDATA[_dtwcbe_woo_template_type]]></wp:meta_key>
		<wp:meta_value><![CDATA[cart-page]]></wp:meta_value>
		</wp:postmeta>
							<wp:postmeta>
		<wp:meta_key><![CDATA[us_og_image]]></wp:meta_key>
		<wp:meta_value><![CDATA[http://demo.dawnthemes.com/woocommerce-builder-elementor/wcbe3/wp-content/uploads/sites/4/2019/02/woman-shopping-street-bags-shop-stock-today-180302-tease_192a54ebcfb697d311d3bdfc82ad1151.jpg]]></wp:meta_value>
		</wp:postmeta>
							<wp:postmeta>
		<wp:meta_key><![CDATA[_elementor_edit_mode]]></wp:meta_key>
		<wp:meta_value><![CDATA[builder]]></wp:meta_value>
		</wp:postmeta>
							<wp:postmeta>
		<wp:meta_key><![CDATA[_elementor_template_type]]></wp:meta_key>
		<wp:meta_value><![CDATA[post]]></wp:meta_value>
		</wp:postmeta>
							<wp:postmeta>
		<wp:meta_key><![CDATA[_wp_page_template]]></wp:meta_key>
		<wp:meta_value><![CDATA[elementor_header_footer]]></wp:meta_value>
		</wp:postmeta>
							<wp:postmeta>
		<wp:meta_key><![CDATA[_elementor_data]]></wp:meta_key>
		<wp:meta_value><![CDATA[[{"id":"f6a4cdd","elType":"section","settings":{"stretch_section":"section-stretched","structure":"30","background_background":"classic","padding":{"unit":"px","top":"60","right":"0","bottom":"60","left":"0","isLinked":false}},"elements":[{"id":"015a732","elType":"column","settings":{"_column_size":33,"_inline_size":null,"animation_duration":"fast","animation_delay":100},"elements":[{"id":"ce9bda7","elType":"widget","settings":{"view":"stacked","title_text":"This is the heading","description_text":"Click edit button to change this text. Lorem ipsum dolor sit amet, consectetur adipiscing elit. Ut elit tellus, luctus nec ullamcorper mattis, pulvinar dapibus leo.","_animation":"zoomIn","_animation_delay":100},"elements":[],"widgetType":"icon-box"}],"isInner":false},{"id":"f487e87","elType":"column","settings":{"_column_size":33,"_inline_size":null},"elements":[{"id":"0872266","elType":"widget","settings":{"icon":"fa fa-flag","view":"framed","shape":"square","title_text":"This is the heading","description_text":"Click edit button to change this text. Lorem ipsum dolor sit amet, consectetur adipiscing elit. Ut elit tellus, luctus nec ullamcorper mattis, pulvinar dapibus leo.","_animation":"zoomIn","_animation_delay":300,"selected_icon":{"value":"fas fa-flag","library":"fa-solid"}},"elements":[],"widgetType":"icon-box"}],"isInner":false},{"id":"2ec681a","elType":"column","settings":{"_column_size":33,"_inline_size":null},"elements":[{"id":"10c6786","elType":"widget","settings":{"icon":"fa fa-pencil-square-o","view":"framed","title_text":"This is the heading","description_text":"Click edit button to change this text. Lorem ipsum dolor sit amet, consectetur adipiscing elit. Ut elit tellus, luctus nec ullamcorper mattis, pulvinar dapibus leo.","_animation":"zoomIn","_animation_delay":500,"selected_icon":{"value":"far fa-edit","library":"fa-regular"}},"elements":[],"widgetType":"icon-box"}],"isInner":false}],"isInner":false},{"id":"e848028","elType":"section","settings":{"stretch_section":"section-stretched","background_background":"classic","background_color":"rgba(110,193,228,0.2)","padding":{"unit":"px","top":"60","right":"0","bottom":"60","left":"0","isLinked":false}},"elements":[{"id":"3e2efd8","elType":"column","settings":{"_column_size":100},"elements":[{"id":"4fd46b3","elType":"widget","settings":[],"elements":[],"widgetType":"cart-table"}],"isInner":false}],"isInner":false},{"id":"9ea5b32","elType":"section","settings":{"structure":"21","padding":{"unit":"px","top":"60","right":"0","bottom":"60","left":"0","isLinked":false}},"elements":[{"id":"e7fa7c8","elType":"column","settings":{"_column_size":33,"_inline_size":null},"elements":[{"id":"b377a48","elType":"widget","settings":[],"elements":[],"widgetType":"cart-totals"}],"isInner":false},{"id":"ecf7128","elType":"column","settings":{"_column_size":66,"_inline_size":null},"elements":[{"id":"702495a","elType":"widget","settings":{"image":{"url":"http:\/\/demo.dawnthemes.com\/woocommerce-builder-elementor\/wcbe3\/wp-content\/uploads\/sites\/4\/2019\/02\/woman-shopping-street-bags-shop-stock-today-180302-tease_192a54ebcfb697d311d3bdfc82ad1151.jpg","id":109},"title_text":"The Best Unique Handmade Goods","description_text":"We would like to convey to you the warmth of our hearts","position":"left","title_size":"h4","image_space":{"unit":"px","size":20},"image_size":{"unit":"%","size":65},"text_align":"justify","title_color":"#54595f","description_typography_typography":"custom","description_typography_font_style":"italic"},"elements":[],"widgetType":"image-box"},{"id":"6c8b23f","elType":"section","settings":[],"elements":[{"id":"7159a84","elType":"column","settings":{"_column_size":100,"_inline_size":null},"elements":[{"id":"9a02fb9","elType":"widget","settings":{"button_type":"info","text":"Continue Shopping","align":"center","button_text_color":"#ffffff","hover_color":"#ffffff","_margin":{"unit":"px","top":"-77","right":"0","bottom":"0","left":"35","isLinked":false},"_margin_tablet":{"unit":"px","top":"0","right":"0","bottom":"0","left":"0","isLinked":true},"_margin_mobile":{"unit":"px","top":"0","right":"0","bottom":"0","left":"0","isLinked":true}},"elements":[],"widgetType":"button"}],"isInner":true}],"isInner":true}],"isInner":false}],"isInner":false},{"id":"4a1cc9f","elType":"section","settings":[],"elements":[{"id":"fa5b61d","elType":"column","settings":{"_column_size":100},"elements":[{"id":"332cc8d","elType":"widget","settings":{"columns_tablet":3,"columns_mobile":2},"elements":[],"widgetType":"cross-sells"}],"isInner":false}],"isInner":false},{"id":"6c22d65","elType":"section","settings":[],"elements":[{"id":"ba33813","elType":"column","settings":{"_column_size":100},"elements":[{"id":"fc5f8e5","elType":"widget","settings":[],"elements":[],"widgetType":"spacer"}],"isInner":false}],"isInner":false}]]]></wp:meta_value>
		</wp:postmeta>
							<wp:postmeta>
		<wp:meta_key><![CDATA[_elementor_version]]></wp:meta_key>
		<wp:meta_value><![CDATA[0.4]]></wp:meta_value>
		</wp:postmeta>
							<wp:postmeta>
		<wp:meta_key><![CDATA[_elementor_controls_usage]]></wp:meta_key>
		<wp:meta_value><![CDATA[a:9:{s:8:"icon-box";a:3:{s:5:"count";i:3;s:15:"control_percent";i:2;s:8:"controls";a:2:{s:7:"content";a:1:{s:12:"section_icon";a:4:{s:4:"view";i:3;s:16:"description_text";i:3;s:5:"shape";i:1;s:13:"selected_icon";i:2;}}s:8:"advanced";a:1:{s:15:"section_effects";a:2:{s:10:"_animation";i:3;s:16:"_animation_delay";i:3;}}}}s:6:"column";a:3:{s:5:"count";i:9;s:15:"control_percent";i:0;s:8:"controls";a:2:{s:6:"layout";a:1:{s:6:"layout";a:1:{s:12:"_inline_size";i:6;}}s:8:"advanced";a:1:{s:15:"section_effects";a:2:{s:18:"animation_duration";i:1;s:15:"animation_delay";i:1;}}}}s:7:"section";a:3:{s:5:"count";i:6;s:15:"control_percent";i:0;s:8:"controls";a:3:{s:6:"layout";a:2:{s:14:"section_layout";a:1:{s:15:"stretch_section";i:2;}s:17:"section_structure";a:1:{s:9:"structure";i:2;}}s:5:"style";a:1:{s:18:"section_background";a:2:{s:21:"background_background";i:2;s:16:"background_color";i:1;}}s:8:"advanced";a:1:{s:16:"section_advanced";a:1:{s:7:"padding";i:3;}}}}s:10:"cart-table";a:3:{s:5:"count";i:1;s:15:"control_percent";i:0;s:8:"controls";a:0:{}}s:11:"cart-totals";a:3:{s:5:"count";i:1;s:15:"control_percent";i:0;s:8:"controls";a:0:{}}s:9:"image-box";a:3:{s:5:"count";i:1;s:15:"control_percent";i:4;s:8:"controls";a:2:{s:7:"content";a:1:{s:13:"section_image";a:5:{s:5:"image";i:1;s:10:"title_text";i:1;s:16:"description_text";i:1;s:8:"position";i:1;s:10:"title_size";i:1;}}s:5:"style";a:2:{s:19:"section_style_image";a:2:{s:11:"image_space";i:1;s:10:"image_size";i:1;}s:21:"section_style_content";a:4:{s:10:"text_align";i:1;s:11:"title_color";i:1;s:33:"description_typography_typography";i:1;s:33:"description_typography_font_style";i:1;}}}}s:6:"button";a:3:{s:5:"count";i:1;s:15:"control_percent";i:3;s:8:"controls";a:3:{s:7:"content";a:1:{s:14:"section_button";a:3:{s:11:"button_type";i:1;s:4:"text";i:1;s:5:"align";i:1;}}s:5:"style";a:1:{s:13:"section_style";a:2:{s:17:"button_text_color";i:1;s:11:"hover_color";i:1;}}s:8:"advanced";a:1:{s:14:"_section_style";a:3:{s:7:"_margin";i:1;s:14:"_margin_tablet";i:1;s:14:"_margin_mobile";i:1;}}}}s:11:"cross-sells";a:3:{s:5:"count";i:1;s:15:"control_percent";i:0;s:8:"controls";a:1:{s:7:"content";a:1:{s:19:"section_cross_sells";a:2:{s:14:"columns_tablet";i:1;s:14:"columns_mobile";i:1;}}}}s:6:"spacer";a:3:{s:5:"count";i:1;s:15:"control_percent";i:0;s:8:"controls";a:0:{}}}]]></wp:meta_value>
		</wp:postmeta>
							<wp:postmeta>
		<wp:meta_key><![CDATA[us_header_id]]></wp:meta_key>
		<wp:meta_value><![CDATA[__defaults__]]></wp:meta_value>
		</wp:postmeta>
							<wp:postmeta>
		<wp:meta_key><![CDATA[us_titlebar_id]]></wp:meta_key>
		<wp:meta_value><![CDATA[__defaults__]]></wp:meta_value>
		</wp:postmeta>
							<wp:postmeta>
		<wp:meta_key><![CDATA[us_content_id]]></wp:meta_key>
		<wp:meta_value><![CDATA[__defaults__]]></wp:meta_value>
		</wp:postmeta>
							<wp:postmeta>
		<wp:meta_key><![CDATA[us_sidebar_id]]></wp:meta_key>
		<wp:meta_value><![CDATA[__defaults__]]></wp:meta_value>
		</wp:postmeta>
							<wp:postmeta>
		<wp:meta_key><![CDATA[us_sidebar_pos]]></wp:meta_key>
		<wp:meta_value><![CDATA[right]]></wp:meta_value>
		</wp:postmeta>
							<wp:postmeta>
		<wp:meta_key><![CDATA[us_footer_id]]></wp:meta_key>
		<wp:meta_value><![CDATA[__defaults__]]></wp:meta_value>
		</wp:postmeta>
							<wp:postmeta>
		<wp:meta_key><![CDATA[_us_in_content_ids]]></wp:meta_key>
		<wp:meta_value><![CDATA[]]></wp:meta_value>
		</wp:postmeta>
							<wp:postmeta>
		<wp:meta_key><![CDATA[us_migration_version]]></wp:meta_key>
		<wp:meta_value><![CDATA[6.0]]></wp:meta_value>
		</wp:postmeta>
							</item>
				</channel>
</rss>
	