<?xml version="1.0" encoding="UTF-8" ?>
<!-- This is a WordPress eXtended RSS file generated by WordPress as an export of your site. -->
<!-- It contains information about your site's posts, pages, comments, categories, and other content. -->
<!-- You may use this file to transfer that content from one site to another. -->
<!-- This file is not intended to serve as a complete backup of your site. -->

<!-- To import this information into a WordPress site follow these steps: -->
<!-- 1. Log in to that site as an administrator. -->
<!-- 2. Go to Tools: Import in the WordPress admin panel. -->
<!-- 3. Install the "WordPress" importer from the list. -->
<!-- 4. Activate & Run Importer. -->
<!-- 5. Upload this file using the form provided on that page. -->
<!-- 6. You will first be asked to map the authors in this export file to users -->
<!--    on the site. For each author, you may choose to map to an -->
<!--    existing user on the site or to create a new user. -->
<!-- 7. WordPress will then import each of the posts, pages, comments, categories, etc. -->
<!--    contained in this file into your site. -->

	<!-- generator="WordPress/5.3.2" created="2020-02-10 09:55" -->
<rss version="2.0"
	xmlns:excerpt="http://wordpress.org/export/1.2/excerpt/"
	xmlns:content="http://purl.org/rss/1.0/modules/content/"
	xmlns:wfw="http://wellformedweb.org/CommentAPI/"
	xmlns:dc="http://purl.org/dc/elements/1.1/"
	xmlns:wp="http://wordpress.org/export/1.2/"
>

<channel>
	<title>WooCommerce Page Builder For Elementor</title>
	<link>http://localhost/woocommerce-elementor</link>
	<description></description>
	<pubDate>Mon, 10 Feb 2020 09:55:42 +0000</pubDate>
	<language>en-US</language>
	<wp:wxr_version>1.2</wp:wxr_version>
	<wp:base_site_url>http://localhost/woocommerce-elementor/</wp:base_site_url>
	<wp:base_blog_url>http://localhost/woocommerce-elementor</wp:base_blog_url>

		<wp:author><wp:author_id>1</wp:author_id><wp:author_login><![CDATA[admin]]></wp:author_login><wp:author_email><![CDATA[dawnthemes@gmail.com]]></wp:author_email><wp:author_display_name><![CDATA[admin]]></wp:author_display_name><wp:author_first_name><![CDATA[Dawn]]></wp:author_first_name><wp:author_last_name><![CDATA[Themes]]></wp:author_last_name></wp:author>

				
	<generator>https://wordpress.org/?v=5.3.2</generator>

<image>
	<url>http://localhost/woocommerce-elementor/wp-content/uploads/2019/02/cropped-80x80-1-32x32.jpg</url>
	<title>WooCommerce Page Builder For Elementor</title>
	<link>http://localhost/woocommerce-elementor</link>
	<width>32</width>
	<height>32</height>
</image> 

		<item>
		<title>Category Template #1</title>
		<link>http://localhost/woocommerce-elementor/?dtwcbe_woo_library=category-template-1</link>
		<pubDate>Thu, 21 Feb 2019 04:09:19 +0000</pubDate>
		<dc:creator><![CDATA[admin]]></dc:creator>
		<guid isPermaLink="false">http://demo.dawnthemes.com/woocommerce-builder-elementor/wcbe1/?post_type=dtwcbe_woo_library&#038;p=216</guid>
		<description></description>
		<content:encoded><![CDATA[<h1>Clothing</h1>		
				<h6>
					Free Shipping Worldwide
				</h6>
				<p>Lorem ipsum dolor sit amet, consectetur adipiscing elit. </p>
				<h6>
					Money Back Guarantee
				</h6>
				<p>Lorem ipsum dolor sit amet, consectetur adipiscing elit. </p>
				<h6>
					24/7 Support Center
				</h6>
				<p>Lorem ipsum dolor sit amet, consectetur adipiscing elit. </p>
			<p>Category Description: The description is not prominent by default; however, some themes may show it.</p>
			
	
					Default sorting
					Sort by popularity
					Sort by average rating
					Sort by latest
					Sort by price: low to high
					Sort by price: high to low
			
	
	
<p>
	Showing 1&ndash;12 of 17 results</p>
<ul>
<li>
	<a href="http://demo.dawnthemes.com/woocommerce-builder-elementor/wcbe1/product/album/"><img width="300" height="300" src="http://demo.dawnthemes.com/woocommerce-builder-elementor/wcbe1/wp-content/uploads/sites/2/2019/02/album-1-300x300.jpg" alt="" /><h2>Album</h2>
	&pound;15.00
</a><a href="/woocommerce-builder-elementor/wcbe1/wp-admin/admin-ajax.php?add-to-cart=18" data-quantity="1" aria-label="Add &ldquo;Album&rdquo; to your cart" rel="nofollow">Add to cart</a></li>
<li>
	<a href="http://demo.dawnthemes.com/woocommerce-builder-elementor/wcbe1/product/beanie/">
	Sale!
<img width="300" height="300" src="http://demo.dawnthemes.com/woocommerce-builder-elementor/wcbe1/wp-content/uploads/sites/2/2019/02/beanie-2-300x300.jpg" alt="" /><h2>Beanie</h2>
	<del>&pound;20.00</del> <ins>&pound;18.00</ins>
</a><a href="/woocommerce-builder-elementor/wcbe1/wp-admin/admin-ajax.php?add-to-cart=10" data-quantity="1" aria-label="Add &ldquo;Beanie&rdquo; to your cart" rel="nofollow">Add to cart</a></li>
<li>
	<a href="http://demo.dawnthemes.com/woocommerce-builder-elementor/wcbe1/product/beanie-with-logo/">
	Sale!
<img width="300" height="300" src="http://demo.dawnthemes.com/woocommerce-builder-elementor/wcbe1/wp-content/uploads/sites/2/2019/02/beanie-with-logo-1-300x300.jpg" alt="" /><h2>Beanie with Logo</h2>
	<del>&pound;20.00</del> <ins>&pound;18.00</ins>
</a><a href="/woocommerce-builder-elementor/wcbe1/wp-admin/admin-ajax.php?add-to-cart=27" data-quantity="1" aria-label="Add &ldquo;Beanie with Logo&rdquo; to your cart" rel="nofollow">Add to cart</a></li>
<li>
	<a href="http://demo.dawnthemes.com/woocommerce-builder-elementor/wcbe1/product/belt/">
	Sale!
<img width="300" height="300" src="http://demo.dawnthemes.com/woocommerce-builder-elementor/wcbe1/wp-content/uploads/sites/2/2019/02/belt-2-300x300.jpg" alt="" /><h2>Belt</h2>
	<del>&pound;65.00</del> <ins>&pound;55.00</ins>
</a><a href="/woocommerce-builder-elementor/wcbe1/wp-admin/admin-ajax.php?add-to-cart=11" data-quantity="1" aria-label="Add &ldquo;Belt&rdquo; to your cart" rel="nofollow">Add to cart</a></li>
<li>
	<a href="http://demo.dawnthemes.com/woocommerce-builder-elementor/wcbe1/product/cap/">
	Sale!
<img width="300" height="300" src="http://demo.dawnthemes.com/woocommerce-builder-elementor/wcbe1/wp-content/uploads/sites/2/2019/02/cap-2-300x300.jpg" alt="" /><h2>Cap</h2>
	<del>&pound;18.00</del> <ins>&pound;16.00</ins>
</a><a href="/woocommerce-builder-elementor/wcbe1/wp-admin/admin-ajax.php?add-to-cart=12" data-quantity="1" aria-label="Add &ldquo;Cap&rdquo; to your cart" rel="nofollow">Add to cart</a></li>
<li>
	<a href="http://demo.dawnthemes.com/woocommerce-builder-elementor/wcbe1/product/hoodie/">
	Sale!
<img width="300" height="300" src="http://demo.dawnthemes.com/woocommerce-builder-elementor/wcbe1/wp-content/uploads/sites/2/2019/02/hoodie-2-300x300.jpg" alt="" /><h2>Hoodie</h2>
	&pound;42.00 &ndash; &pound;45.00
</a><a href="http://demo.dawnthemes.com/woocommerce-builder-elementor/wcbe1/product/hoodie/" data-quantity="1" aria-label="Select options for &ldquo;Hoodie&rdquo;" rel="nofollow">Select options</a></li>
<li>
	<a href="http://demo.dawnthemes.com/woocommerce-builder-elementor/wcbe1/product/hoodie-with-logo/"><img width="300" height="300" src="http://demo.dawnthemes.com/woocommerce-builder-elementor/wcbe1/wp-content/uploads/sites/2/2019/02/hoodie-with-logo-2-300x300.jpg" alt="" /><h2>Hoodie with Logo</h2>
	&pound;45.00
</a><a href="/woocommerce-builder-elementor/wcbe1/wp-admin/admin-ajax.php?add-to-cart=8" data-quantity="1" aria-label="Add &ldquo;Hoodie with Logo&rdquo; to your cart" rel="nofollow">Add to cart</a></li>
<li>
	<a href="http://demo.dawnthemes.com/woocommerce-builder-elementor/wcbe1/product/hoodie-with-zipper/"><img width="300" height="300" src="http://demo.dawnthemes.com/woocommerce-builder-elementor/wcbe1/wp-content/uploads/sites/2/2019/02/hoodie-with-zipper-2-300x300.jpg" alt="" /><h2>Hoodie with Zipper</h2>
	&pound;45.00
</a><a href="/woocommerce-builder-elementor/wcbe1/wp-admin/admin-ajax.php?add-to-cart=15" data-quantity="1" aria-label="Add &ldquo;Hoodie with Zipper&rdquo; to your cart" rel="nofollow">Add to cart</a></li>
<li>
	<a href="http://demo.dawnthemes.com/woocommerce-builder-elementor/wcbe1/product/logo-collection/">
	Sale!
<img width="300" height="300" src="http://demo.dawnthemes.com/woocommerce-builder-elementor/wcbe1/wp-content/uploads/sites/2/2019/02/logo-1-300x300.jpg" alt="" /><h2>Logo Collection</h2>
	&pound;18.00 &ndash; &pound;45.00
</a><a href="http://demo.dawnthemes.com/woocommerce-builder-elementor/wcbe1/product/logo-collection/" data-quantity="1" aria-label="View products in the &ldquo;Logo Collection&rdquo; group" rel="nofollow">View products</a></li>
<li>
	<a href="http://demo.dawnthemes.com/woocommerce-builder-elementor/wcbe1/product/long-sleeve-tee/"><img width="300" height="300" src="http://demo.dawnthemes.com/woocommerce-builder-elementor/wcbe1/wp-content/uploads/sites/2/2019/02/long-sleeve-tee-2-300x300.jpg" alt="" /><h2>Long Sleeve Tee</h2>
	&pound;25.00
</a><a href="/woocommerce-builder-elementor/wcbe1/wp-admin/admin-ajax.php?add-to-cart=16" data-quantity="1" aria-label="Add &ldquo;Long Sleeve Tee&rdquo; to your cart" rel="nofollow">Add to cart</a></li>
<li>
	<a href="http://demo.dawnthemes.com/woocommerce-builder-elementor/wcbe1/product/polo/"><img width="300" height="300" src="http://demo.dawnthemes.com/woocommerce-builder-elementor/wcbe1/wp-content/uploads/sites/2/2019/02/polo-2-300x300.jpg" alt="" /><h2>Polo</h2>
	&pound;20.00
</a><a href="/woocommerce-builder-elementor/wcbe1/wp-admin/admin-ajax.php?add-to-cart=17" data-quantity="1" aria-label="Add &ldquo;Polo&rdquo; to your cart" rel="nofollow">Add to cart</a></li>
<li>
	<a href="http://demo.dawnthemes.com/woocommerce-builder-elementor/wcbe1/product/single/">
	Sale!
<img width="300" height="300" src="http://demo.dawnthemes.com/woocommerce-builder-elementor/wcbe1/wp-content/uploads/sites/2/2019/02/single-1-300x300.jpg" alt="" /><h2>Single</h2>
	<del>&pound;3.00</del> <ins>&pound;2.00</ins>
</a><a href="/woocommerce-builder-elementor/wcbe1/wp-admin/admin-ajax.php?add-to-cart=19" data-quantity="1" aria-label="Add &ldquo;Single&rdquo; to your cart" rel="nofollow">Add to cart</a></li>
</ul>]]></content:encoded>
		<excerpt:encoded><![CDATA[]]></excerpt:encoded>
		<wp:post_id>216</wp:post_id>
		<wp:post_date><![CDATA[2019-02-21 04:09:19]]></wp:post_date>
		<wp:post_date_gmt><![CDATA[2019-02-21 04:09:19]]></wp:post_date_gmt>
		<wp:comment_status><![CDATA[closed]]></wp:comment_status>
		<wp:ping_status><![CDATA[closed]]></wp:ping_status>
		<wp:post_name><![CDATA[category-template-1]]></wp:post_name>
		<wp:status><![CDATA[publish]]></wp:status>
		<wp:post_parent>0</wp:post_parent>
		<wp:menu_order>0</wp:menu_order>
		<wp:post_type><![CDATA[dtwcbe_woo_library]]></wp:post_type>
		<wp:post_password><![CDATA[]]></wp:post_password>
		<wp:is_sticky>0</wp:is_sticky>
										<category domain="dtwcbe_woo_library_type" nicename="product-archive"><![CDATA[product-archive]]></category>
						<wp:postmeta>
		<wp:meta_key><![CDATA[_elementor_controls_usage]]></wp:meta_key>
		<wp:meta_value><![CDATA[a:0:{}]]></wp:meta_value>
		</wp:postmeta>
							<wp:postmeta>
		<wp:meta_key><![CDATA[_us_in_content_ids]]></wp:meta_key>
		<wp:meta_value><![CDATA[]]></wp:meta_value>
		</wp:postmeta>
							<wp:postmeta>
		<wp:meta_key><![CDATA[us_og_image]]></wp:meta_key>
		<wp:meta_value><![CDATA[http://demo.dawnthemes.com/woocommerce-builder-elementor/wcbe1/wp-content/uploads/sites/2/2019/02/album-1-300x300.jpg]]></wp:meta_value>
		</wp:postmeta>
							<wp:postmeta>
		<wp:meta_key><![CDATA[_dtwcbe_edit_mode]]></wp:meta_key>
		<wp:meta_value><![CDATA[builder]]></wp:meta_value>
		</wp:postmeta>
							<wp:postmeta>
		<wp:meta_key><![CDATA[_dtwcbe_woo_template_type]]></wp:meta_key>
		<wp:meta_value><![CDATA[product-archive]]></wp:meta_value>
		</wp:postmeta>
							<wp:postmeta>
		<wp:meta_key><![CDATA[us_og_image]]></wp:meta_key>
		<wp:meta_value><![CDATA[http://demo.dawnthemes.com/woocommerce-builder-elementor/wcbe1/wp-content/uploads/sites/2/2019/02/album-1-300x300.jpg]]></wp:meta_value>
		</wp:postmeta>
							<wp:postmeta>
		<wp:meta_key><![CDATA[_elementor_edit_mode]]></wp:meta_key>
		<wp:meta_value><![CDATA[builder]]></wp:meta_value>
		</wp:postmeta>
							<wp:postmeta>
		<wp:meta_key><![CDATA[_elementor_template_type]]></wp:meta_key>
		<wp:meta_value><![CDATA[post]]></wp:meta_value>
		</wp:postmeta>
							<wp:postmeta>
		<wp:meta_key><![CDATA[_wp_page_template]]></wp:meta_key>
		<wp:meta_value><![CDATA[elementor_header_footer]]></wp:meta_value>
		</wp:postmeta>
							<wp:postmeta>
		<wp:meta_key><![CDATA[_elementor_data]]></wp:meta_key>
		<wp:meta_value><![CDATA[[{"id":"558510c","elType":"section","settings":{"stretch_section":"section-stretched","background_background":"classic","background_image":{"url":"http:\/\/demo.dawnthemes.com\/woocommerce-builder-elementor\/wcbe1\/wp-content\/uploads\/sites\/2\/2019\/02\/roccanal398.jpg","id":226},"background_position":"initial","background_xpos":{"unit":"%","size":0},"background_ypos":{"unit":"px","size":-335},"background_attachment":"fixed","background_repeat":"no-repeat","background_size":"cover","background_overlay_background":"gradient","background_overlay_color":"#ffffff","background_overlay_color_b":"rgba(255,255,255,0.53)","background_overlay_gradient_angle":{"unit":"deg","size":120},"background_overlay_opacity":{"unit":"px","size":0.7},"padding":{"unit":"px","top":"150","right":"0","bottom":"150","left":"0","isLinked":false},"padding_tablet":{"unit":"px","top":"80","right":"0","bottom":"80","left":"0","isLinked":false},"padding_mobile":{"unit":"px","top":"60","right":"0","bottom":"60","left":"0","isLinked":false}},"elements":[{"id":"d77b093","elType":"column","settings":{"_column_size":100},"elements":[{"id":"e511bef","elType":"widget","settings":{"archive_title_color":"#000000","archive_title_typography_typography":"custom","archive_title_typography_text_transform":"uppercase"},"elements":[],"widgetType":"archive-title"}],"isInner":false}],"isInner":false},{"id":"e997e1c","elType":"section","settings":{"stretch_section":"section-stretched","structure":"30","background_background":"classic","background_color":"#f5f5f5","padding":{"unit":"px","top":"60","right":"0","bottom":"60","left":"0","isLinked":false}},"elements":[{"id":"04ddbf5","elType":"column","settings":{"_column_size":33,"_inline_size":null},"elements":[{"id":"f86fa62","elType":"widget","settings":{"icon":"fa fa-map-marker","title_text":"Free Shipping Worldwide","description_text":"Lorem ipsum dolor sit amet, consectetur adipiscing elit. ","position":"left","title_size":"h6","primary_color":"#54595f","icon_size":{"unit":"px","size":30},"title_bottom_space":{"unit":"px","size":5},"title_color":"#54595f","title_typography_typography":"custom","title_typography_font_weight":"normal","title_typography_text_transform":"uppercase","description_color":"#7a7a7a","selected_icon":{"value":"fas fa-map-marker-alt","library":"fa-solid"}},"elements":[],"widgetType":"icon-box"}],"isInner":false},{"id":"4d98156","elType":"column","settings":{"_column_size":33,"_inline_size":null},"elements":[{"id":"16f27f4","elType":"widget","settings":{"icon":"fa fa-credit-card","title_text":"Money Back Guarantee","description_text":"Lorem ipsum dolor sit amet, consectetur adipiscing elit. ","position":"left","title_size":"h6","primary_color":"#54595f","icon_size":{"unit":"px","size":30},"title_bottom_space":{"unit":"px","size":5},"title_color":"#54595f","title_typography_typography":"custom","title_typography_font_weight":"normal","title_typography_text_transform":"uppercase","description_color":"#7a7a7a","selected_icon":{"value":"far fa-credit-card","library":"fa-regular"}},"elements":[],"widgetType":"icon-box"}],"isInner":false},{"id":"b5e509d","elType":"column","settings":{"_column_size":33,"_inline_size":null},"elements":[{"id":"4878d1d","elType":"widget","settings":{"icon":"fa fa-support","title_text":"24\/7 Support Center","description_text":"Lorem ipsum dolor sit amet, consectetur adipiscing elit. ","position":"left","title_size":"h6","primary_color":"#54595f","icon_size":{"unit":"px","size":30},"title_bottom_space":{"unit":"px","size":5},"title_color":"#54595f","title_typography_typography":"custom","title_typography_font_weight":"normal","title_typography_text_transform":"uppercase","description_color":"#7a7a7a","selected_icon":{"value":"far fa-life-ring","library":"fa-regular"}},"elements":[],"widgetType":"icon-box"}],"isInner":false}],"isInner":false},{"id":"4c491b4","elType":"section","settings":{"padding":{"unit":"px","top":"30","right":"0","bottom":"0","left":"0","isLinked":false}},"elements":[{"id":"3674975","elType":"column","settings":{"_column_size":100},"elements":[{"id":"5929e78","elType":"widget","settings":{"archive_description_align":"center"},"elements":[],"widgetType":"archive-description"}],"isInner":false}],"isInner":false},{"id":"b2dd7f9","elType":"section","settings":[],"elements":[{"id":"25bbcdb","elType":"column","settings":{"_column_size":100},"elements":[{"id":"8162c82","elType":"widget","settings":{"allow_order":"yes","show_result_count":"yes","nothing_found_message":"No products were found matching your selection.","rows":3,"columns_tablet":3,"columns_mobile":2},"elements":[],"widgetType":"archive-products"}],"isInner":false}],"isInner":false},{"id":"1dc7ad3","elType":"section","settings":[],"elements":[{"id":"cf518b9","elType":"column","settings":{"_column_size":100},"elements":[{"id":"2ead93f","elType":"widget","settings":[],"elements":[],"widgetType":"spacer"}],"isInner":false}],"isInner":false}]]]></wp:meta_value>
		</wp:postmeta>
							<wp:postmeta>
		<wp:meta_key><![CDATA[_elementor_version]]></wp:meta_key>
		<wp:meta_value><![CDATA[0.4]]></wp:meta_value>
		</wp:postmeta>
							<wp:postmeta>
		<wp:meta_key><![CDATA[_edit_last]]></wp:meta_key>
		<wp:meta_value><![CDATA[1]]></wp:meta_value>
		</wp:postmeta>
							<wp:postmeta>
		<wp:meta_key><![CDATA[us_header_sticky_pos]]></wp:meta_key>
		<wp:meta_value><![CDATA[]]></wp:meta_value>
		</wp:postmeta>
							<wp:postmeta>
		<wp:meta_key><![CDATA[us_titlebar_id]]></wp:meta_key>
		<wp:meta_value><![CDATA[__defaults__]]></wp:meta_value>
		</wp:postmeta>
							<wp:postmeta>
		<wp:meta_key><![CDATA[us_sidebar_id]]></wp:meta_key>
		<wp:meta_value><![CDATA[__defaults__]]></wp:meta_value>
		</wp:postmeta>
							<wp:postmeta>
		<wp:meta_key><![CDATA[us_sidebar_pos]]></wp:meta_key>
		<wp:meta_value><![CDATA[right]]></wp:meta_value>
		</wp:postmeta>
							<wp:postmeta>
		<wp:meta_key><![CDATA[us_footer_id]]></wp:meta_key>
		<wp:meta_value><![CDATA[__defaults__]]></wp:meta_value>
		</wp:postmeta>
							<wp:postmeta>
		<wp:meta_key><![CDATA[dtwcbe_condition_archive_product_is_tax]]></wp:meta_key>
		<wp:meta_value><![CDATA[product_cat]]></wp:meta_value>
		</wp:postmeta>
							<wp:postmeta>
		<wp:meta_key><![CDATA[_elementor_controls_usage]]></wp:meta_key>
		<wp:meta_value><![CDATA[a:7:{s:13:"archive-title";a:3:{s:5:"count";i:1;s:15:"control_percent";i:1;s:8:"controls";a:1:{s:5:"style";a:1:{s:13:"section_style";a:3:{s:19:"archive_title_color";i:1;s:35:"archive_title_typography_typography";i:1;s:39:"archive_title_typography_text_transform";i:1;}}}}s:6:"column";a:3:{s:5:"count";i:7;s:15:"control_percent";i:0;s:8:"controls";a:1:{s:6:"layout";a:1:{s:6:"layout";a:1:{s:12:"_inline_size";i:3;}}}}s:7:"section";a:3:{s:5:"count";i:5;s:15:"control_percent";i:0;s:8:"controls";a:3:{s:6:"layout";a:2:{s:14:"section_layout";a:1:{s:15:"stretch_section";i:2;}s:17:"section_structure";a:1:{s:9:"structure";i:1;}}s:5:"style";a:2:{s:18:"section_background";a:9:{s:21:"background_background";i:2;s:16:"background_image";i:1;s:19:"background_position";i:1;s:15:"background_xpos";i:1;s:15:"background_ypos";i:1;s:21:"background_attachment";i:1;s:17:"background_repeat";i:1;s:15:"background_size";i:1;s:16:"background_color";i:1;}s:26:"section_background_overlay";a:5:{s:29:"background_overlay_background";i:1;s:24:"background_overlay_color";i:1;s:26:"background_overlay_color_b";i:1;s:33:"background_overlay_gradient_angle";i:1;s:26:"background_overlay_opacity";i:1;}}s:8:"advanced";a:1:{s:16:"section_advanced";a:3:{s:7:"padding";i:3;s:14:"padding_tablet";i:1;s:14:"padding_mobile";i:1;}}}}s:8:"icon-box";a:3:{s:5:"count";i:3;s:15:"control_percent";i:5;s:8:"controls";a:2:{s:7:"content";a:1:{s:12:"section_icon";a:5:{s:10:"title_text";i:3;s:16:"description_text";i:3;s:8:"position";i:3;s:10:"title_size";i:3;s:13:"selected_icon";i:3;}}s:5:"style";a:2:{s:18:"section_style_icon";a:2:{s:13:"primary_color";i:3;s:9:"icon_size";i:3;}s:21:"section_style_content";a:6:{s:18:"title_bottom_space";i:3;s:11:"title_color";i:3;s:27:"title_typography_typography";i:3;s:28:"title_typography_font_weight";i:3;s:31:"title_typography_text_transform";i:3;s:17:"description_color";i:3;}}}}s:19:"archive-description";a:3:{s:5:"count";i:1;s:15:"control_percent";i:0;s:8:"controls";a:1:{s:5:"style";a:1:{s:13:"section_style";a:1:{s:25:"archive_description_align";i:1;}}}}s:16:"archive-products";a:3:{s:5:"count";i:1;s:15:"control_percent";i:1;s:8:"controls";a:1:{s:7:"content";a:1:{s:15:"section_content";a:5:{s:11:"allow_order";i:1;s:17:"show_result_count";i:1;s:4:"rows";i:1;s:14:"columns_tablet";i:1;s:14:"columns_mobile";i:1;}}}}s:6:"spacer";a:3:{s:5:"count";i:1;s:15:"control_percent";i:0;s:8:"controls";a:0:{}}}]]></wp:meta_value>
		</wp:postmeta>
							<wp:postmeta>
		<wp:meta_key><![CDATA[us_header_id]]></wp:meta_key>
		<wp:meta_value><![CDATA[__defaults__]]></wp:meta_value>
		</wp:postmeta>
							<wp:postmeta>
		<wp:meta_key><![CDATA[us_content_id]]></wp:meta_key>
		<wp:meta_value><![CDATA[__defaults__]]></wp:meta_value>
		</wp:postmeta>
							<wp:postmeta>
		<wp:meta_key><![CDATA[_us_in_content_ids]]></wp:meta_key>
		<wp:meta_value><![CDATA[]]></wp:meta_value>
		</wp:postmeta>
							<wp:postmeta>
		<wp:meta_key><![CDATA[us_migration_version]]></wp:meta_key>
		<wp:meta_value><![CDATA[6.0]]></wp:meta_value>
		</wp:postmeta>
							<wp:postmeta>
		<wp:meta_key><![CDATA[us_header_sticky_override]]></wp:meta_key>
		<wp:meta_value><![CDATA[0]]></wp:meta_value>
		</wp:postmeta>
							<wp:postmeta>
		<wp:meta_key><![CDATA[us_header_sticky]]></wp:meta_key>
		<wp:meta_value><![CDATA[]]></wp:meta_value>
		</wp:postmeta>
							<wp:postmeta>
		<wp:meta_key><![CDATA[us_header_transparent_override]]></wp:meta_key>
		<wp:meta_value><![CDATA[0]]></wp:meta_value>
		</wp:postmeta>
							<wp:postmeta>
		<wp:meta_key><![CDATA[us_header_transparent]]></wp:meta_key>
		<wp:meta_value><![CDATA[]]></wp:meta_value>
		</wp:postmeta>
							<wp:postmeta>
		<wp:meta_key><![CDATA[us_header_shadow]]></wp:meta_key>
		<wp:meta_value><![CDATA[0]]></wp:meta_value>
		</wp:postmeta>
							<wp:postmeta>
		<wp:meta_key><![CDATA[us_tile_bg_color]]></wp:meta_key>
		<wp:meta_value><![CDATA[]]></wp:meta_value>
		</wp:postmeta>
							<wp:postmeta>
		<wp:meta_key><![CDATA[us_tile_text_color]]></wp:meta_key>
		<wp:meta_value><![CDATA[]]></wp:meta_value>
		</wp:postmeta>
							<wp:postmeta>
		<wp:meta_key><![CDATA[us_tile_size]]></wp:meta_key>
		<wp:meta_value><![CDATA[1x1]]></wp:meta_value>
		</wp:postmeta>
							<wp:postmeta>
		<wp:meta_key><![CDATA[us_tile_link]]></wp:meta_key>
		<wp:meta_value><![CDATA[{"url":"","target":""}]]></wp:meta_value>
		</wp:postmeta>
							<wp:postmeta>
		<wp:meta_key><![CDATA[us_tile_additional_image]]></wp:meta_key>
		<wp:meta_value><![CDATA[]]></wp:meta_value>
		</wp:postmeta>
							</item>
				</channel>
</rss>
	