<?xml version="1.0" encoding="UTF-8" ?>
<!-- This is a WordPress eXtended RSS file generated by WordPress as an export of your site. -->
<!-- It contains information about your site's posts, pages, comments, categories, and other content. -->
<!-- You may use this file to transfer that content from one site to another. -->
<!-- This file is not intended to serve as a complete backup of your site. -->

<!-- To import this information into a WordPress site follow these steps: -->
<!-- 1. Log in to that site as an administrator. -->
<!-- 2. Go to Tools: Import in the WordPress admin panel. -->
<!-- 3. Install the "WordPress" importer from the list. -->
<!-- 4. Activate & Run Importer. -->
<!-- 5. Upload this file using the form provided on that page. -->
<!-- 6. You will first be asked to map the authors in this export file to users -->
<!--    on the site. For each author, you may choose to map to an -->
<!--    existing user on the site or to create a new user. -->
<!-- 7. WordPress will then import each of the posts, pages, comments, categories, etc. -->
<!--    contained in this file into your site. -->

	<!-- generator="WordPress/5.3.2" created="2020-02-10 10:03" -->
<rss version="2.0"
	xmlns:excerpt="http://wordpress.org/export/1.2/excerpt/"
	xmlns:content="http://purl.org/rss/1.0/modules/content/"
	xmlns:wfw="http://wellformedweb.org/CommentAPI/"
	xmlns:dc="http://purl.org/dc/elements/1.1/"
	xmlns:wp="http://wordpress.org/export/1.2/"
>

<channel>
	<title>WooCommerce Page Builder For Elementor</title>
	<link>http://localhost/woocommerce-elementor</link>
	<description></description>
	<pubDate>Mon, 10 Feb 2020 10:03:47 +0000</pubDate>
	<language>en-US</language>
	<wp:wxr_version>1.2</wp:wxr_version>
	<wp:base_site_url>http://localhost/woocommerce-elementor/</wp:base_site_url>
	<wp:base_blog_url>http://localhost/woocommerce-elementor</wp:base_blog_url>

		<wp:author><wp:author_id>1</wp:author_id><wp:author_login><![CDATA[admin]]></wp:author_login><wp:author_email><![CDATA[dawnthemes@gmail.com]]></wp:author_email><wp:author_display_name><![CDATA[admin]]></wp:author_display_name><wp:author_first_name><![CDATA[Dawn]]></wp:author_first_name><wp:author_last_name><![CDATA[Themes]]></wp:author_last_name></wp:author>

				
	<generator>https://wordpress.org/?v=5.3.2</generator>

<image>
	<url>http://localhost/woocommerce-elementor/wp-content/uploads/2019/02/cropped-80x80-1-32x32.jpg</url>
	<title>WooCommerce Page Builder For Elementor</title>
	<link>http://localhost/woocommerce-elementor</link>
	<width>32</width>
	<height>32</height>
</image> 

		<item>
		<title>Cart Layout #2</title>
		<link>http://localhost/woocommerce-elementor/?dtwcbe_woo_library=cart-layout-2</link>
		<pubDate>Thu, 21 Feb 2019 09:59:03 +0000</pubDate>
		<dc:creator><![CDATA[admin]]></dc:creator>
		<guid isPermaLink="false">http://demo.dawnthemes.com/woocommerce-builder-elementor/wcbe2/?post_type=dtwcbe_woo_library&#038;p=215</guid>
		<description></description>
		<content:encoded><![CDATA[<h6>
					Free Shipping Worldwide
				</h6>
				<p>Lorem ipsum dolor sit amet, consectetur adipiscing elit. </p>
				<h6>
					Money Back Guarantee
				</h6>
				<p>Lorem ipsum dolor sit amet, consectetur adipiscing elit. </p>
				<h6>
					24/7 Support Center
				</h6>
				<p>Lorem ipsum dolor sit amet, consectetur adipiscing elit. </p>
			<a href="/shop" role="button">
						Continue Shopping
					</a>
			<h2>Off 50%</h2>		
			<a href="/shop" role="button">
						CONTINUE SHOPPING
					</a>]]></content:encoded>
		<excerpt:encoded><![CDATA[]]></excerpt:encoded>
		<wp:post_id>215</wp:post_id>
		<wp:post_date><![CDATA[2019-02-21 09:59:03]]></wp:post_date>
		<wp:post_date_gmt><![CDATA[2019-02-21 09:59:03]]></wp:post_date_gmt>
		<wp:comment_status><![CDATA[closed]]></wp:comment_status>
		<wp:ping_status><![CDATA[closed]]></wp:ping_status>
		<wp:post_name><![CDATA[cart-layout-2]]></wp:post_name>
		<wp:status><![CDATA[publish]]></wp:status>
		<wp:post_parent>0</wp:post_parent>
		<wp:menu_order>0</wp:menu_order>
		<wp:post_type><![CDATA[dtwcbe_woo_library]]></wp:post_type>
		<wp:post_password><![CDATA[]]></wp:post_password>
		<wp:is_sticky>0</wp:is_sticky>
										<category domain="dtwcbe_woo_library_type" nicename="cart-page"><![CDATA[cart-page]]></category>
						<wp:postmeta>
		<wp:meta_key><![CDATA[_elementor_controls_usage]]></wp:meta_key>
		<wp:meta_value><![CDATA[a:0:{}]]></wp:meta_value>
		</wp:postmeta>
							<wp:postmeta>
		<wp:meta_key><![CDATA[_us_in_content_ids]]></wp:meta_key>
		<wp:meta_value><![CDATA[]]></wp:meta_value>
		</wp:postmeta>
							<wp:postmeta>
		<wp:meta_key><![CDATA[us_og_image]]></wp:meta_key>
		<wp:meta_value><![CDATA[]]></wp:meta_value>
		</wp:postmeta>
							<wp:postmeta>
		<wp:meta_key><![CDATA[_dtwcbe_edit_mode]]></wp:meta_key>
		<wp:meta_value><![CDATA[builder]]></wp:meta_value>
		</wp:postmeta>
							<wp:postmeta>
		<wp:meta_key><![CDATA[_dtwcbe_woo_template_type]]></wp:meta_key>
		<wp:meta_value><![CDATA[cart-page]]></wp:meta_value>
		</wp:postmeta>
							<wp:postmeta>
		<wp:meta_key><![CDATA[us_og_image]]></wp:meta_key>
		<wp:meta_value><![CDATA[]]></wp:meta_value>
		</wp:postmeta>
							<wp:postmeta>
		<wp:meta_key><![CDATA[_elementor_edit_mode]]></wp:meta_key>
		<wp:meta_value><![CDATA[builder]]></wp:meta_value>
		</wp:postmeta>
							<wp:postmeta>
		<wp:meta_key><![CDATA[_elementor_template_type]]></wp:meta_key>
		<wp:meta_value><![CDATA[post]]></wp:meta_value>
		</wp:postmeta>
							<wp:postmeta>
		<wp:meta_key><![CDATA[_wp_page_template]]></wp:meta_key>
		<wp:meta_value><![CDATA[elementor_header_footer]]></wp:meta_value>
		</wp:postmeta>
							<wp:postmeta>
		<wp:meta_key><![CDATA[_elementor_data]]></wp:meta_key>
		<wp:meta_value><![CDATA[[{"id":"0fcacc5","elType":"section","settings":{"stretch_section":"section-stretched","structure":"30","background_background":"classic","background_color":"#f5f5f5","padding":{"unit":"px","top":"60","right":"0","bottom":"60","left":"0","isLinked":false}},"elements":[{"id":"2eaaf9c","elType":"column","settings":{"_column_size":33,"_inline_size":null},"elements":[{"id":"24e2380","elType":"widget","settings":{"icon":"fa fa-map-marker","title_text":"Free Shipping Worldwide","description_text":"Lorem ipsum dolor sit amet, consectetur adipiscing elit. ","title_size":"h6","primary_color":"#54595f","icon_size":{"unit":"px","size":30},"title_bottom_space":{"unit":"px","size":5},"title_color":"#54595f","title_typography_typography":"custom","title_typography_font_weight":"normal","title_typography_text_transform":"uppercase","description_color":"#7a7a7a","selected_icon":{"value":"fas fa-map-marker-alt","library":"fa-solid"}},"elements":[],"widgetType":"icon-box"}],"isInner":false},{"id":"a8c9a34","elType":"column","settings":{"_column_size":33,"_inline_size":null},"elements":[{"id":"7e86cfe","elType":"widget","settings":{"icon":"fa fa-credit-card","title_text":"Money Back Guarantee","description_text":"Lorem ipsum dolor sit amet, consectetur adipiscing elit. ","title_size":"h6","primary_color":"#54595f","icon_size":{"unit":"px","size":30},"title_bottom_space":{"unit":"px","size":5},"title_color":"#54595f","title_typography_typography":"custom","title_typography_font_weight":"normal","title_typography_text_transform":"uppercase","description_color":"#7a7a7a","selected_icon":{"value":"far fa-credit-card","library":"fa-regular"}},"elements":[],"widgetType":"icon-box"}],"isInner":false},{"id":"777a4d4","elType":"column","settings":{"_column_size":33,"_inline_size":null},"elements":[{"id":"4d64868","elType":"widget","settings":{"icon":"fa fa-support","title_text":"24\/7 Support Center","description_text":"Lorem ipsum dolor sit amet, consectetur adipiscing elit. ","title_size":"h6","primary_color":"#54595f","icon_size":{"unit":"px","size":30},"title_bottom_space":{"unit":"px","size":5},"title_color":"#54595f","title_typography_typography":"custom","title_typography_font_weight":"normal","title_typography_text_transform":"uppercase","description_color":"#7a7a7a","selected_icon":{"value":"far fa-life-ring","library":"fa-regular"}},"elements":[],"widgetType":"icon-box"}],"isInner":false}],"isInner":false},{"id":"f803f35","elType":"section","settings":{"stretch_section":"section-stretched","background_background":"classic","background_color":"rgba(122,122,122,0.19)","padding":{"unit":"px","top":"30","right":"0","bottom":"30","left":"0","isLinked":false}},"elements":[{"id":"fd456f6","elType":"column","settings":{"_column_size":100},"elements":[{"id":"460c633","elType":"widget","settings":{"button_type":"warning","text":"Continue Shopping","link":{"url":"\/shop","is_external":"","nofollow":""},"align":"center","size":"md","typography_typography":"custom","typography_text_transform":"uppercase","button_text_color":"#ffffff"},"elements":[],"widgetType":"button"}],"isInner":false}],"isInner":false},{"id":"66b1b2a","elType":"section","settings":{"gap":"wide","structure":"22","padding":{"unit":"px","top":"60","right":"0","bottom":"60","left":"0","isLinked":false}},"elements":[{"id":"d7aa83d","elType":"column","settings":{"_column_size":66,"_inline_size":null},"elements":[{"id":"633066f","elType":"widget","settings":[],"elements":[],"widgetType":"cart-table"}],"isInner":false},{"id":"e471bc8","elType":"column","settings":{"_column_size":33,"_inline_size":null},"elements":[{"id":"e82cc6f","elType":"widget","settings":[],"elements":[],"widgetType":"cart-totals"}],"isInner":false}],"isInner":false},{"id":"16ad956","elType":"section","settings":{"stretch_section":"section-stretched","background_background":"classic","background_image":{"url":"http:\/\/demo.dawnthemes.com\/woocommerce-builder-elementor\/wcbe1\/wp-content\/uploads\/sites\/2\/2019\/02\/light-fashion-hands-woman.jpg","id":210},"background_position":"center center","background_attachment":"fixed","background_repeat":"no-repeat","background_size":"cover","background_hover_background":"classic","background_overlay_background":"classic","background_overlay_color":"rgba(0,0,0,0.7)","background_overlay_opacity":{"unit":"px","size":0.69},"css_filters_css_filter":"custom","padding":{"unit":"px","top":"100","right":"0","bottom":"100","left":"0","isLinked":false}},"elements":[{"id":"d9bceac","elType":"column","settings":{"_column_size":100},"elements":[{"id":"2b4ae9c","elType":"widget","settings":{"title":"Off 50%","align":"center","title_color":"#ffffff","typography_typography":"custom","typography_font_size":{"unit":"em","size":2.4},"typography_font_style":"oblique","typography_letter_spacing":{"unit":"px","size":3.8},"text_shadow_text_shadow_type":"yes","_margin":{"unit":"px","top":"0","right":"0","bottom":"40","left":"0","isLinked":false}},"elements":[],"widgetType":"heading"},{"id":"0b1993f","elType":"widget","settings":{"button_type":"info","text":"CONTINUE SHOPPING","hover_color":"#ffffff","border_radius":{"unit":"px","top":"30","right":"30","bottom":"30","left":"30","isLinked":true},"text_padding":{"unit":"px","top":"14","right":"40","bottom":"14","left":"40","isLinked":false},"link":{"url":"\/shop","is_external":"","nofollow":""},"align":"center","size":"md"},"elements":[],"widgetType":"button"}],"isInner":false}],"isInner":false},{"id":"73226dd","elType":"section","settings":[],"elements":[{"id":"707249f","elType":"column","settings":{"_column_size":100},"elements":[{"id":"dc954fb","elType":"widget","settings":{"columns_tablet":3,"columns_mobile":2},"elements":[],"widgetType":"cross-sells"}],"isInner":false}],"isInner":false},{"id":"ee4354c","elType":"section","settings":[],"elements":[{"id":"87a4d63","elType":"column","settings":{"_column_size":100},"elements":[{"id":"eff6470","elType":"widget","settings":[],"elements":[],"widgetType":"spacer"}],"isInner":false}],"isInner":false}]]]></wp:meta_value>
		</wp:postmeta>
							<wp:postmeta>
		<wp:meta_key><![CDATA[_elementor_version]]></wp:meta_key>
		<wp:meta_value><![CDATA[0.4]]></wp:meta_value>
		</wp:postmeta>
							<wp:postmeta>
		<wp:meta_key><![CDATA[_elementor_controls_usage]]></wp:meta_key>
		<wp:meta_value><![CDATA[a:9:{s:8:"icon-box";a:3:{s:5:"count";i:3;s:15:"control_percent";i:5;s:8:"controls";a:2:{s:7:"content";a:1:{s:12:"section_icon";a:4:{s:10:"title_text";i:3;s:16:"description_text";i:3;s:10:"title_size";i:3;s:13:"selected_icon";i:3;}}s:5:"style";a:2:{s:18:"section_style_icon";a:2:{s:13:"primary_color";i:3;s:9:"icon_size";i:3;}s:21:"section_style_content";a:6:{s:18:"title_bottom_space";i:3;s:11:"title_color";i:3;s:27:"title_typography_typography";i:3;s:28:"title_typography_font_weight";i:3;s:31:"title_typography_text_transform";i:3;s:17:"description_color";i:3;}}}}s:6:"column";a:3:{s:5:"count";i:9;s:15:"control_percent";i:0;s:8:"controls";a:1:{s:6:"layout";a:1:{s:6:"layout";a:1:{s:12:"_inline_size";i:5;}}}}s:7:"section";a:3:{s:5:"count";i:6;s:15:"control_percent";i:0;s:8:"controls";a:3:{s:6:"layout";a:2:{s:14:"section_layout";a:2:{s:15:"stretch_section";i:3;s:3:"gap";i:1;}s:17:"section_structure";a:1:{s:9:"structure";i:2;}}s:5:"style";a:2:{s:18:"section_background";a:8:{s:21:"background_background";i:3;s:16:"background_color";i:2;s:16:"background_image";i:1;s:19:"background_position";i:1;s:21:"background_attachment";i:1;s:17:"background_repeat";i:1;s:15:"background_size";i:1;s:27:"background_hover_background";i:1;}s:26:"section_background_overlay";a:4:{s:29:"background_overlay_background";i:1;s:24:"background_overlay_color";i:1;s:26:"background_overlay_opacity";i:1;s:22:"css_filters_css_filter";i:1;}}s:8:"advanced";a:1:{s:16:"section_advanced";a:1:{s:7:"padding";i:4;}}}}s:6:"button";a:3:{s:5:"count";i:2;s:15:"control_percent";i:3;s:8:"controls";a:2:{s:7:"content";a:1:{s:14:"section_button";a:5:{s:11:"button_type";i:2;s:4:"text";i:2;s:4:"link";i:2;s:5:"align";i:2;s:4:"size";i:2;}}s:5:"style";a:1:{s:13:"section_style";a:6:{s:21:"typography_typography";i:1;s:25:"typography_text_transform";i:1;s:17:"button_text_color";i:1;s:11:"hover_color";i:1;s:13:"border_radius";i:1;s:12:"text_padding";i:1;}}}}s:10:"cart-table";a:3:{s:5:"count";i:1;s:15:"control_percent";i:0;s:8:"controls";a:0:{}}s:11:"cart-totals";a:3:{s:5:"count";i:1;s:15:"control_percent";i:0;s:8:"controls";a:0:{}}s:7:"heading";a:3:{s:5:"count";i:1;s:15:"control_percent";i:4;s:8:"controls";a:3:{s:7:"content";a:1:{s:13:"section_title";a:2:{s:5:"title";i:1;s:5:"align";i:1;}}s:5:"style";a:1:{s:19:"section_title_style";a:6:{s:11:"title_color";i:1;s:21:"typography_typography";i:1;s:20:"typography_font_size";i:1;s:21:"typography_font_style";i:1;s:25:"typography_letter_spacing";i:1;s:28:"text_shadow_text_shadow_type";i:1;}}s:8:"advanced";a:1:{s:14:"_section_style";a:1:{s:7:"_margin";i:1;}}}}s:11:"cross-sells";a:3:{s:5:"count";i:1;s:15:"control_percent";i:0;s:8:"controls";a:1:{s:7:"content";a:1:{s:19:"section_cross_sells";a:2:{s:14:"columns_tablet";i:1;s:14:"columns_mobile";i:1;}}}}s:6:"spacer";a:3:{s:5:"count";i:1;s:15:"control_percent";i:0;s:8:"controls";a:0:{}}}]]></wp:meta_value>
		</wp:postmeta>
							<wp:postmeta>
		<wp:meta_key><![CDATA[us_header_id]]></wp:meta_key>
		<wp:meta_value><![CDATA[__defaults__]]></wp:meta_value>
		</wp:postmeta>
							<wp:postmeta>
		<wp:meta_key><![CDATA[us_titlebar_id]]></wp:meta_key>
		<wp:meta_value><![CDATA[__defaults__]]></wp:meta_value>
		</wp:postmeta>
							<wp:postmeta>
		<wp:meta_key><![CDATA[us_content_id]]></wp:meta_key>
		<wp:meta_value><![CDATA[__defaults__]]></wp:meta_value>
		</wp:postmeta>
							<wp:postmeta>
		<wp:meta_key><![CDATA[us_sidebar_id]]></wp:meta_key>
		<wp:meta_value><![CDATA[__defaults__]]></wp:meta_value>
		</wp:postmeta>
							<wp:postmeta>
		<wp:meta_key><![CDATA[us_sidebar_pos]]></wp:meta_key>
		<wp:meta_value><![CDATA[right]]></wp:meta_value>
		</wp:postmeta>
							<wp:postmeta>
		<wp:meta_key><![CDATA[us_footer_id]]></wp:meta_key>
		<wp:meta_value><![CDATA[__defaults__]]></wp:meta_value>
		</wp:postmeta>
							<wp:postmeta>
		<wp:meta_key><![CDATA[_us_in_content_ids]]></wp:meta_key>
		<wp:meta_value><![CDATA[]]></wp:meta_value>
		</wp:postmeta>
							<wp:postmeta>
		<wp:meta_key><![CDATA[us_migration_version]]></wp:meta_key>
		<wp:meta_value><![CDATA[6.0]]></wp:meta_value>
		</wp:postmeta>
							</item>
				</channel>
</rss>
	