<?xml version="1.0" encoding="UTF-8" ?>
<!-- This is a WordPress eXtended RSS file generated by WordPress as an export of your site. -->
<!-- It contains information about your site's posts, pages, comments, categories, and other content. -->
<!-- You may use this file to transfer that content from one site to another. -->
<!-- This file is not intended to serve as a complete backup of your site. -->

<!-- To import this information into a WordPress site follow these steps: -->
<!-- 1. Log in to that site as an administrator. -->
<!-- 2. Go to Tools: Import in the WordPress admin panel. -->
<!-- 3. Install the "WordPress" importer from the list. -->
<!-- 4. Activate & Run Importer. -->
<!-- 5. Upload this file using the form provided on that page. -->
<!-- 6. You will first be asked to map the authors in this export file to users -->
<!--    on the site. For each author, you may choose to map to an -->
<!--    existing user on the site or to create a new user. -->
<!-- 7. WordPress will then import each of the posts, pages, comments, categories, etc. -->
<!--    contained in this file into your site. -->

	<!-- generator="WordPress/5.3.2" created="2020-02-09 09:31" -->
<rss version="2.0"
	xmlns:excerpt="http://wordpress.org/export/1.2/excerpt/"
	xmlns:content="http://purl.org/rss/1.0/modules/content/"
	xmlns:wfw="http://wellformedweb.org/CommentAPI/"
	xmlns:dc="http://purl.org/dc/elements/1.1/"
	xmlns:wp="http://wordpress.org/export/1.2/"
>

<channel>
	<title>WooCommerce Page Builder For Elementor</title>
	<link>http://localhost/woocommerce-elementor</link>
	<description></description>
	<pubDate>Sun, 09 Feb 2020 09:31:28 +0000</pubDate>
	<language>en-US</language>
	<wp:wxr_version>1.2</wp:wxr_version>
	<wp:base_site_url>http://localhost/woocommerce-elementor/</wp:base_site_url>
	<wp:base_blog_url>http://localhost/woocommerce-elementor</wp:base_blog_url>

		<wp:author><wp:author_id>1</wp:author_id><wp:author_login><![CDATA[admin]]></wp:author_login><wp:author_email><![CDATA[dawnthemes@gmail.com]]></wp:author_email><wp:author_display_name><![CDATA[admin]]></wp:author_display_name><wp:author_first_name><![CDATA[Dawn]]></wp:author_first_name><wp:author_last_name><![CDATA[Themes]]></wp:author_last_name></wp:author>

				
	<generator>https://wordpress.org/?v=5.3.2</generator>

<image>
	<url>http://localhost/woocommerce-elementor/wp-content/uploads/2019/02/cropped-80x80-1-32x32.jpg</url>
	<title>WooCommerce Page Builder For Elementor</title>
	<link>http://localhost/woocommerce-elementor</link>
	<width>32</width>
	<height>32</height>
</image> 

		<item>
		<title>Product Layout #1</title>
		<link>http://localhost/woocommerce-elementor/?dtwcbe_woo_library=product-layout-1</link>
		<pubDate>Sat, 16 Feb 2019 15:18:51 +0000</pubDate>
		<dc:creator><![CDATA[admin]]></dc:creator>
		<guid isPermaLink="false">http://demo.dawnthemes.com/woocommerce-builder-elementor/wcbe1/?post_type=dtwcbe_woo_library&#038;p=53</guid>
		<description></description>
		<content:encoded><![CDATA[<h5>Free Shipping</h5>		
			<h5>Worldwide Delivery</h5>		
			<h5>Receive Giffs</h5>		
							<a title="pennant-1.jpg" data-gall="product-image-lightbox" href="http://demo.dawnthemes.com/woocommerce-builder-elementor/wcbe1/wp-content/uploads/sites/2/2019/02/pennant-1.jpg" data-thumb="http://demo.dawnthemes.com/woocommerce-builder-elementor/wcbe1/wp-content/uploads/sites/2/2019/02/pennant-1-150x150.jpg"><img width="600" height="600" src="http://demo.dawnthemes.com/woocommerce-builder-elementor/wcbe1/wp-content/uploads/sites/2/2019/02/pennant-1-600x600.jpg" alt="" /></a> 						
			<nav>Home</nav>		
			<h1>WordPress Pennant</h1>		
			<p>&pound;11.05</p>		
			<p>This is an external product.</p>

	<button type="submit">Buy on the WordPress swag store!</button>
	
						SKU: wp-pennant
					Category: <a href="http://demo.dawnthemes.com/woocommerce-builder-elementor/wcbe1/product-category/decor/" rel="tag">Decor</a>				
	<h2>Additional information</h2>
							<a href="#">
					Facebook
									</a>
							<a href="#">
					Twitter
									</a>
							<a href="#">
					Google-plus
									</a>
				0
							Cool Number
				0
							Cool Number
						My Skill
				Web Designer
									90%
						My Skill
				Web Designer
									99%
		<ul role="tablist">
							<li id="tab-title-description" role="tab">
					<a href="#tab-description">
						Description					</a>
				</li>
					</ul>
	<h2>Description</h2>
Pellentesque habitant morbi tristique senectus et netus et malesuada fames ac turpis egestas. Vestibulum tortor quam, feugiat vitae, ultricies eget, tempor sit amet, ante. Donec eu libero sit amet quam egestas semper. Aenean ultricies mi vitae est. Mauris placerat eleifend leo.			
		<p>Click edit button to change this text. Lorem ipsum dolor sit amet, consectetur adipiscing elit. Ut elit tellus, luctus nec ullamcorper mattis, pulvinar dapibus leo. Click edit button to change this text. Lorem ipsum dolor sit amet, consectetur adipiscing elit. Ut elit tellus, luctus nec ullamcorper mattis, pulvinar dapibus leo.</p>		
										<img width="800" height="800" src="http://demo.dawnthemes.com/woocommerce-builder-elementor/wcbe1/wp-content/uploads/sites/2/2019/02/hoodie-green-1.jpg" alt="" />											
										<img width="801" height="801" src="http://demo.dawnthemes.com/woocommerce-builder-elementor/wcbe1/wp-content/uploads/sites/2/2019/02/hoodie-2.jpg" alt="" />											
		<p>Click edit button to change this text. Lorem ipsum dolor sit amet, consectetur adipiscing elit. Ut elit tellus, luctus nec ullamcorper mattis, pulvinar dapibus leo. Click edit button to change this text. Lorem ipsum dolor sit amet, consectetur adipiscing elit. Ut elit tellus, luctus nec ullamcorper mattis, pulvinar dapibus leo.</p>		
										<img width="801" height="801" src="http://demo.dawnthemes.com/woocommerce-builder-elementor/wcbe1/wp-content/uploads/sites/2/2019/02/cap-2.jpg" alt="" />											
										<img width="801" height="801" src="http://demo.dawnthemes.com/woocommerce-builder-elementor/wcbe1/wp-content/uploads/sites/2/2019/02/beanie-2.jpg" alt="" />											
		https://www.youtube.com/watch?v=KXb6lFYRX8Q		
			<h2>Product Content (Description)</h2>		
			Pellentesque habitant morbi tristique senectus et netus et malesuada fames ac turpis egestas. Vestibulum tortor quam, feugiat vitae, ultricies eget, tempor sit amet, ante. Donec eu libero sit amet quam egestas semper. Aenean ultricies mi vitae est. Mauris placerat eleifend leo.		
		<p>Click edit button to change this text. Lorem ipsum dolor sit amet, consectetur adipiscing elit. Ut elit tellus, luctus nec ullamcorper mattis, pulvinar dapibus leo.Click edit button to change this text. Lorem ipsum dolor sit amet, consectetur adipiscing elit. Ut elit tellus, luctus nec ullamcorper mattis, pulvinar dapibus leo. Click edit button to change this text. Lorem ipsum dolor sit amet, consectetur adipiscing elit. Ut elit tellus, luctus nec ullamcorper mattis, pulvinar dapibus leo.Click edit button to change this text. Lorem ipsum dolor sit amet, consectetur adipiscing elit. Ut elit tellus, luctus nec ullamcorper mattis, pulvinar dapibus leo. Click edit button to change this text. Lorem ipsum dolor sit amet, consectetur adipiscing elit. Ut elit tellus, luctus nec ullamcorper mattis, pulvinar dapibus leo.</p>		
				<h3>
					This is the heading
				</h3>
								<p>Click edit button to change this text. Lorem ipsum dolor sit amet, consectetur adipiscing elit. Ut elit tellus, luctus nec ullamcorper mattis, pulvinar dapibus leo.</p>
				<h3>
					This is the heading
				</h3>
								<p>Click edit button to change this text. Lorem ipsum dolor sit amet, consectetur adipiscing elit. Ut elit tellus, luctus nec ullamcorper mattis, pulvinar dapibus leo.</p>
				<h3>
					This is the heading
				</h3>
								<p>Click edit button to change this text. Lorem ipsum dolor sit amet, consectetur adipiscing elit. Ut elit tellus, luctus nec ullamcorper mattis, pulvinar dapibus leo.</p>]]></content:encoded>
		<excerpt:encoded><![CDATA[]]></excerpt:encoded>
		<wp:post_id>53</wp:post_id>
		<wp:post_date><![CDATA[2019-02-16 15:18:51]]></wp:post_date>
		<wp:post_date_gmt><![CDATA[2019-02-16 15:18:51]]></wp:post_date_gmt>
		<wp:comment_status><![CDATA[closed]]></wp:comment_status>
		<wp:ping_status><![CDATA[closed]]></wp:ping_status>
		<wp:post_name><![CDATA[product-layout-1]]></wp:post_name>
		<wp:status><![CDATA[publish]]></wp:status>
		<wp:post_parent>0</wp:post_parent>
		<wp:menu_order>0</wp:menu_order>
		<wp:post_type><![CDATA[dtwcbe_woo_library]]></wp:post_type>
		<wp:post_password><![CDATA[]]></wp:post_password>
		<wp:is_sticky>0</wp:is_sticky>
										<category domain="dtwcbe_woo_library_type" nicename="product"><![CDATA[product]]></category>
						<wp:postmeta>
		<wp:meta_key><![CDATA[_elementor_controls_usage]]></wp:meta_key>
		<wp:meta_value><![CDATA[a:0:{}]]></wp:meta_value>
		</wp:postmeta>
							<wp:postmeta>
		<wp:meta_key><![CDATA[_us_in_content_ids]]></wp:meta_key>
		<wp:meta_value><![CDATA[]]></wp:meta_value>
		</wp:postmeta>
							<wp:postmeta>
		<wp:meta_key><![CDATA[us_og_image]]></wp:meta_key>
		<wp:meta_value><![CDATA[http://demo.dawnthemes.com/woocommerce-builder-elementor/wcbe1/wp-content/uploads/sites/2/2019/02/pennant-1-600x600.jpg]]></wp:meta_value>
		</wp:postmeta>
							<wp:postmeta>
		<wp:meta_key><![CDATA[_dtwcbe_edit_mode]]></wp:meta_key>
		<wp:meta_value><![CDATA[builder]]></wp:meta_value>
		</wp:postmeta>
							<wp:postmeta>
		<wp:meta_key><![CDATA[_dtwcbe_woo_template_type]]></wp:meta_key>
		<wp:meta_value><![CDATA[product]]></wp:meta_value>
		</wp:postmeta>
							<wp:postmeta>
		<wp:meta_key><![CDATA[us_og_image]]></wp:meta_key>
		<wp:meta_value><![CDATA[http://demo.dawnthemes.com/woocommerce-builder-elementor/wcbe1/wp-content/uploads/sites/2/2019/02/pennant-1-600x600.jpg]]></wp:meta_value>
		</wp:postmeta>
							<wp:postmeta>
		<wp:meta_key><![CDATA[_elementor_edit_mode]]></wp:meta_key>
		<wp:meta_value><![CDATA[builder]]></wp:meta_value>
		</wp:postmeta>
							<wp:postmeta>
		<wp:meta_key><![CDATA[_elementor_template_type]]></wp:meta_key>
		<wp:meta_value><![CDATA[wp-post]]></wp:meta_value>
		</wp:postmeta>
							<wp:postmeta>
		<wp:meta_key><![CDATA[_wp_page_template]]></wp:meta_key>
		<wp:meta_value><![CDATA[elementor_header_footer]]></wp:meta_value>
		</wp:postmeta>
							<wp:postmeta>
		<wp:meta_key><![CDATA[_elementor_data]]></wp:meta_key>
		<wp:meta_value><![CDATA[[{"id":"c98c681","elType":"section","settings":{"stretch_section":"section-stretched","background_background":"gradient","background_color":"#f26798","background_color_b":"#2e23ae","background_gradient_angle":{"unit":"deg","size":120},"padding":{"unit":"px","top":"130","right":"0","bottom":"130","left":"0","isLinked":false},"padding_tablet":{"unit":"px","top":"80","right":"0","bottom":"80","left":"0","isLinked":false},"padding_mobile":{"unit":"px","top":"60","right":"0","bottom":"60","left":"0","isLinked":false},"content_position":"top","content_width":{"unit":"px","size":1600}},"elements":[{"id":"b292f47","elType":"column","settings":{"_column_size":100},"elements":[{"id":"abd86f6","elType":"section","settings":{"structure":"30","text_align":"center","margin":{"unit":"%","top":"-8","right":0,"bottom":"0","left":0,"isLinked":false},"margin_tablet":{"unit":"%","top":"-12","right":0,"bottom":"0","left":0,"isLinked":false},"hide_mobile":"hidden-phone"},"elements":[{"id":"9a9761d","elType":"column","settings":{"_column_size":33,"_inline_size":null},"elements":[{"id":"e53f7ed","elType":"widget","settings":{"title":"Free Shipping","header_size":"h5","align":"left","title_color":"#ffffff","typography_typography":"custom","_animation":"bounceIn","_animation_delay":1000,"align_tablet":"left"},"elements":[],"widgetType":"heading"}],"isInner":true},{"id":"17622a9","elType":"column","settings":{"_column_size":33,"_inline_size":null},"elements":[{"id":"32169ef","elType":"widget","settings":{"title":"Worldwide Delivery","header_size":"h5","align":"center","title_color":"#ffffff","typography_typography":"custom","_animation":"bounceIn","_animation_delay":2000,"align_tablet":"center"},"elements":[],"widgetType":"heading"}],"isInner":true},{"id":"10da844","elType":"column","settings":{"_column_size":33,"_inline_size":null},"elements":[{"id":"cd056af","elType":"widget","settings":{"title":"Receive Giffs","header_size":"h5","align":"right","title_color":"#ffffff","_animation":"bounceIn","_animation_delay":3000,"align_tablet":"right"},"elements":[],"widgetType":"heading"}],"isInner":true}],"isInner":true}],"isInner":false}],"isInner":false},{"id":"95e17ed","elType":"section","settings":{"margin":{"unit":"px","top":"-100","right":0,"bottom":"0","left":0,"isLinked":false},"margin_tablet":{"unit":"px","top":"-86","right":0,"bottom":"0","left":0,"isLinked":false},"margin_mobile":{"unit":"px","top":"-70","right":0,"bottom":"0","left":0,"isLinked":false},"animation":"fadeInDown"},"elements":[{"id":"046475a","elType":"column","settings":{"_column_size":100},"elements":[{"id":"9391a60","elType":"section","settings":{"structure":"20","background_background":"classic","background_color":"#ffffff","gap":"wide"},"elements":[{"id":"79f0e4f","elType":"column","settings":{"_column_size":50,"_inline_size":null},"elements":[{"id":"a760c9b","elType":"widget","settings":{"product_gallery_type":"gallery-slider","gallery_slider_style":"vertical"},"elements":[],"widgetType":"single-product-images"}],"isInner":true},{"id":"a280449","elType":"column","settings":{"_column_size":50,"_inline_size":null},"elements":[{"id":"07b7152","elType":"widget","settings":[],"elements":[],"widgetType":"breadcrumb"},{"id":"e3df938","elType":"widget","settings":[],"elements":[],"widgetType":"single-product-title"},{"id":"2a49574","elType":"widget","settings":{"gap":{"unit":"px","size":2},"text":"Divider"},"elements":[],"widgetType":"divider"},{"id":"ff0744c","elType":"widget","settings":[],"elements":[],"widgetType":"single-product-rating"},{"id":"df83df0","elType":"widget","settings":[],"elements":[],"widgetType":"single-product-price"},{"id":"84e69ce","elType":"widget","settings":[],"elements":[],"widgetType":"single-product-short-description"},{"id":"0b6244a","elType":"widget","settings":[],"elements":[],"widgetType":"single-product-add-to-cart"},{"id":"0bfcb30","elType":"widget","settings":{"view":"stacked"},"elements":[],"widgetType":"single-product-meta"},{"id":"a9e46a4","elType":"widget","settings":[],"elements":[],"widgetType":"single-product-additional-information"}],"isInner":true}],"isInner":true}],"isInner":false}],"isInner":false},{"id":"891296f","elType":"section","settings":{"structure":"40"},"elements":[{"id":"25dc933","elType":"column","settings":{"_column_size":25,"_inline_size":null},"elements":[{"id":"4df6c63","elType":"widget","settings":{"social_icon_list":[{"social":"fa fa-facebook","_id":"939d06a","link":{"url":"#","is_external":"","nofollow":""},"social_icon":{"value":"fab fa-wordpress","library":"fa-brands"},"item_icon_color":"default","item_icon_primary_color":"","item_icon_secondary_color":""},{"social":"fa fa-twitter","_id":"1d62718","link":{"url":"#","is_external":"","nofollow":""},"social_icon":{"value":"fab fa-wordpress","library":"fa-brands"},"item_icon_color":"default","item_icon_primary_color":"","item_icon_secondary_color":""},{"social":"fa fa-google-plus","_id":"be46006","link":{"url":"#","is_external":"","nofollow":""},"social_icon":{"value":"fab fa-wordpress","library":"fa-brands"},"item_icon_color":"default","item_icon_primary_color":"","item_icon_secondary_color":""}],"shape":"circle","_animation":"fadeInUp","_animation_delay":100},"elements":[],"widgetType":"social-icons"}],"isInner":false},{"id":"68234f0","elType":"column","settings":{"_column_size":25,"_inline_size":null},"elements":[{"id":"d589740","elType":"widget","settings":{"title":"Cool Number"},"elements":[],"widgetType":"counter"}],"isInner":false},{"id":"29c590c","elType":"column","settings":{"_column_size":25,"_inline_size":null},"elements":[{"id":"3f2cbe9","elType":"widget","settings":{"ending_number":300,"title":"Cool Number"},"elements":[],"widgetType":"counter"}],"isInner":false},{"id":"df10133","elType":"column","settings":{"_column_size":25,"_inline_size":null},"elements":[{"id":"74e87d3","elType":"widget","settings":{"title":"My Skill","inner_text":"Web Designer","percent":{"unit":"%","size":90}},"elements":[],"widgetType":"progress"},{"id":"5374f83","elType":"widget","settings":{"title":"My Skill","percent":{"unit":"%","size":99},"inner_text":"Web Designer"},"elements":[],"widgetType":"progress"}],"isInner":false}],"isInner":false},{"id":"cd2e025","elType":"section","settings":{"gap":"wide","structure":"20"},"elements":[{"id":"30df5f3","elType":"column","settings":{"_column_size":50,"_inline_size":null},"elements":[{"id":"1d49335","elType":"widget","settings":[],"elements":[],"widgetType":"single-product-tabs"}],"isInner":false},{"id":"d3a70d4","elType":"column","settings":{"_column_size":50,"_inline_size":null},"elements":[{"id":"eebe6c6","elType":"widget","settings":{"posts_per_page":2,"columns":2},"elements":[],"widgetType":"single-product-related"}],"isInner":false}],"isInner":false},{"id":"e323d26","elType":"section","settings":[],"elements":[{"id":"06337b5","elType":"column","settings":{"_column_size":100},"elements":[{"id":"9beaef9","elType":"widget","settings":{"color":"rgba(122,122,122,0.3)","text":"Divider"},"elements":[],"widgetType":"divider"}],"isInner":false}],"isInner":false},{"id":"3b51055","elType":"section","settings":{"content_position":"middle","structure":"20","gap":"wide"},"elements":[{"id":"5ad1363","elType":"column","settings":{"_column_size":50,"_inline_size":null},"elements":[{"id":"d06c1a4","elType":"widget","settings":{"editor":"<p>Click edit button to change this text. Lorem ipsum dolor sit amet, consectetur adipiscing elit. Ut elit tellus, luctus nec ullamcorper mattis, pulvinar dapibus leo. Click edit button to change this text. Lorem ipsum dolor sit amet, consectetur adipiscing elit. Ut elit tellus, luctus nec ullamcorper mattis, pulvinar dapibus leo.<\/p>"},"elements":[],"widgetType":"text-editor"}],"isInner":false},{"id":"cf85ac5","elType":"column","settings":{"_column_size":50,"_inline_size":null},"elements":[{"id":"aab79a8","elType":"widget","settings":{"image":{"url":"http:\/\/demo.dawnthemes.com\/woocommerce-builder-elementor\/wcbe1\/wp-content\/uploads\/sites\/2\/2019\/02\/hoodie-green-1.jpg","id":36},"align":"center"},"elements":[],"widgetType":"image"}],"isInner":false}],"isInner":false},{"id":"5223630","elType":"section","settings":{"content_position":"middle","structure":"20","gap":"wide"},"elements":[{"id":"567a9b4","elType":"column","settings":{"_column_size":50,"_inline_size":null},"elements":[{"id":"891ef7f","elType":"widget","settings":{"image":{"url":"http:\/\/demo.dawnthemes.com\/woocommerce-builder-elementor\/wcbe1\/wp-content\/uploads\/sites\/2\/2019\/02\/hoodie-2.jpg","id":34}},"elements":[],"widgetType":"image"}],"isInner":false},{"id":"8355035","elType":"column","settings":{"_column_size":50,"_inline_size":null},"elements":[{"id":"8fbfa42","elType":"widget","settings":{"editor":"<p>Click edit button to change this text. Lorem ipsum dolor sit amet, consectetur adipiscing elit. Ut elit tellus, luctus nec ullamcorper mattis, pulvinar dapibus leo. Click edit button to change this text. Lorem ipsum dolor sit amet, consectetur adipiscing elit. Ut elit tellus, luctus nec ullamcorper mattis, pulvinar dapibus leo.<\/p>"},"elements":[],"widgetType":"text-editor"}],"isInner":false}],"isInner":false},{"id":"5d8bfad","elType":"section","settings":{"structure":"20","gap":"wide"},"elements":[{"id":"70ca97a","elType":"column","settings":{"_column_size":50,"_inline_size":null},"elements":[{"id":"e04f6ff","elType":"widget","settings":{"image":{"url":"http:\/\/demo.dawnthemes.com\/woocommerce-builder-elementor\/wcbe1\/wp-content\/uploads\/sites\/2\/2019\/02\/cap-2.jpg","id":41}},"elements":[],"widgetType":"image"}],"isInner":false},{"id":"41d4a2d","elType":"column","settings":{"_column_size":50,"_inline_size":null},"elements":[{"id":"38ddb8c","elType":"widget","settings":{"image":{"url":"http:\/\/demo.dawnthemes.com\/woocommerce-builder-elementor\/wcbe1\/wp-content\/uploads\/sites\/2\/2019\/02\/beanie-2.jpg","id":39}},"elements":[],"widgetType":"image"}],"isInner":false}],"isInner":false},{"id":"d738ed6","elType":"section","settings":{"gap":"wide"},"elements":[{"id":"a97b8b2","elType":"column","settings":{"_column_size":100},"elements":[{"id":"df31494","elType":"widget","settings":{"youtube_url":"https:\/\/www.youtube.com\/watch?v=KXb6lFYRX8Q","vimeo_url":"https:\/\/vimeo.com\/235215203","dailymotion_url":"https:\/\/www.dailymotion.com\/video\/x6tqhqb"},"elements":[],"widgetType":"video"}],"isInner":false}],"isInner":false},{"id":"1cc997b","elType":"section","settings":[],"elements":[{"id":"104884d","elType":"column","settings":{"_column_size":100},"elements":[{"id":"5831fda","elType":"widget","settings":{"title":"Product Content (Description)","size":"medium"},"elements":[],"widgetType":"heading"},{"id":"bb023dc","elType":"widget","settings":[],"elements":[],"widgetType":"single-product-content"},{"id":"67caacd","elType":"widget","settings":{"editor":"<p>Click edit button to change this text. Lorem ipsum dolor sit amet, consectetur adipiscing elit. Ut elit tellus, luctus nec ullamcorper mattis, pulvinar dapibus leo.Click edit button to change this text. Lorem ipsum dolor sit amet, consectetur adipiscing elit. Ut elit tellus, luctus nec ullamcorper mattis, pulvinar dapibus leo. Click edit button to change this text. Lorem ipsum dolor sit amet, consectetur adipiscing elit. Ut elit tellus, luctus nec ullamcorper mattis, pulvinar dapibus leo.Click edit button to change this text. Lorem ipsum dolor sit amet, consectetur adipiscing elit. Ut elit tellus, luctus nec ullamcorper mattis, pulvinar dapibus leo. Click edit button to change this text. Lorem ipsum dolor sit amet, consectetur adipiscing elit. Ut elit tellus, luctus nec ullamcorper mattis, pulvinar dapibus leo.<\/p>"},"elements":[],"widgetType":"text-editor"}],"isInner":false}],"isInner":false},{"id":"d47dc99","elType":"section","settings":{"stretch_section":"section-stretched","background_background":"classic","background_color":"#f5f5f5","padding":{"unit":"px","top":"100","right":"0","bottom":"100","left":"0","isLinked":false},"padding_tablet":{"unit":"px","top":"60","right":"0","bottom":"60","left":"0","isLinked":false},"padding_mobile":{"unit":"px","top":"40","right":"0","bottom":"40","left":"0","isLinked":false}},"elements":[{"id":"a170270","elType":"column","settings":{"_column_size":100},"elements":[{"id":"deb5e9e","elType":"widget","settings":{"align":"center","columns_tablet":3,"columns_mobile":2},"elements":[],"widgetType":"single-product-upsells"}],"isInner":false}],"isInner":false},{"id":"d34afb7","elType":"section","settings":[],"elements":[{"id":"f943766","elType":"column","settings":{"_column_size":100},"elements":[{"id":"0420e5c","elType":"widget","settings":[],"elements":[],"widgetType":"spacer"}],"isInner":false}],"isInner":false},{"id":"4390b18","elType":"section","settings":{"structure":"30"},"elements":[{"id":"3cbebcf","elType":"column","settings":{"_column_size":33,"_inline_size":null},"elements":[{"id":"5351b53","elType":"widget","settings":{"title_text":"This is the heading","description_text":"Click edit button to change this text. Lorem ipsum dolor sit amet, consectetur adipiscing elit. Ut elit tellus, luctus nec ullamcorper mattis, pulvinar dapibus leo."},"elements":[],"widgetType":"icon-box"}],"isInner":false},{"id":"0814f0b","elType":"column","settings":{"_column_size":33,"_inline_size":null},"elements":[{"id":"246f60d","elType":"widget","settings":{"title_text":"This is the heading","description_text":"Click edit button to change this text. Lorem ipsum dolor sit amet, consectetur adipiscing elit. Ut elit tellus, luctus nec ullamcorper mattis, pulvinar dapibus leo."},"elements":[],"widgetType":"icon-box"}],"isInner":false},{"id":"8c74a77","elType":"column","settings":{"_column_size":33,"_inline_size":null},"elements":[{"id":"743a747","elType":"widget","settings":{"title_text":"This is the heading","description_text":"Click edit button to change this text. Lorem ipsum dolor sit amet, consectetur adipiscing elit. Ut elit tellus, luctus nec ullamcorper mattis, pulvinar dapibus leo."},"elements":[],"widgetType":"icon-box"}],"isInner":false}],"isInner":false},{"id":"11db4cd","elType":"section","settings":[],"elements":[{"id":"db1ece3","elType":"column","settings":{"_column_size":100},"elements":[{"id":"7447659","elType":"widget","settings":[],"elements":[],"widgetType":"spacer"}],"isInner":false}],"isInner":false},{"id":"61f6e40","elType":"section","settings":[],"elements":[{"id":"03bfe8e","elType":"column","settings":{"_column_size":100},"elements":[{"id":"a3d0b78","elType":"widget","settings":[],"elements":[],"widgetType":"spacer"}],"isInner":false}],"isInner":false}]]]></wp:meta_value>
		</wp:postmeta>
							<wp:postmeta>
		<wp:meta_key><![CDATA[_elementor_version]]></wp:meta_key>
		<wp:meta_value><![CDATA[2.8.3]]></wp:meta_value>
		</wp:postmeta>
							<wp:postmeta>
		<wp:meta_key><![CDATA[_edit_last]]></wp:meta_key>
		<wp:meta_value><![CDATA[1]]></wp:meta_value>
		</wp:postmeta>
							<wp:postmeta>
		<wp:meta_key><![CDATA[us_header_sticky_pos]]></wp:meta_key>
		<wp:meta_value><![CDATA[]]></wp:meta_value>
		</wp:postmeta>
							<wp:postmeta>
		<wp:meta_key><![CDATA[us_titlebar_id]]></wp:meta_key>
		<wp:meta_value><![CDATA[__defaults__]]></wp:meta_value>
		</wp:postmeta>
							<wp:postmeta>
		<wp:meta_key><![CDATA[us_sidebar_id]]></wp:meta_key>
		<wp:meta_value><![CDATA[__defaults__]]></wp:meta_value>
		</wp:postmeta>
							<wp:postmeta>
		<wp:meta_key><![CDATA[us_sidebar_pos]]></wp:meta_key>
		<wp:meta_value><![CDATA[right]]></wp:meta_value>
		</wp:postmeta>
							<wp:postmeta>
		<wp:meta_key><![CDATA[us_footer_id]]></wp:meta_key>
		<wp:meta_value><![CDATA[__defaults__]]></wp:meta_value>
		</wp:postmeta>
							<wp:postmeta>
		<wp:meta_key><![CDATA[dtwcbe_condition_product_all]]></wp:meta_key>
		<wp:meta_value><![CDATA[53]]></wp:meta_value>
		</wp:postmeta>
							<wp:postmeta>
		<wp:meta_key><![CDATA[_oembed_bcb6ca4a8dbb094caad70014b3619cf4]]></wp:meta_key>
		<wp:meta_value><![CDATA[<iframe width="500" height="281" src="https://www.youtube.com/embed/HIJ0-u67Aeo?feature=oembed" frameborder="0" allow="accelerometer; autoplay; encrypted-media; gyroscope; picture-in-picture" allowfullscreen></iframe>]]></wp:meta_value>
		</wp:postmeta>
							<wp:postmeta>
		<wp:meta_key><![CDATA[_oembed_time_bcb6ca4a8dbb094caad70014b3619cf4]]></wp:meta_key>
		<wp:meta_value><![CDATA[1550379755]]></wp:meta_value>
		</wp:postmeta>
							<wp:postmeta>
		<wp:meta_key><![CDATA[_oembed_8d4a5da91736a5334c50a43685ac7c52]]></wp:meta_key>
		<wp:meta_value><![CDATA[<iframe width="500" height="281" src="https://www.youtube.com/embed/KXb6lFYRX8Q?feature=oembed" frameborder="0" allow="accelerometer; autoplay; encrypted-media; gyroscope; picture-in-picture" allowfullscreen></iframe>]]></wp:meta_value>
		</wp:postmeta>
							<wp:postmeta>
		<wp:meta_key><![CDATA[_oembed_time_8d4a5da91736a5334c50a43685ac7c52]]></wp:meta_key>
		<wp:meta_value><![CDATA[1562652621]]></wp:meta_value>
		</wp:postmeta>
							<wp:postmeta>
		<wp:meta_key><![CDATA[_oembed_bb48279101e5cb62744709fa758df646]]></wp:meta_key>
		<wp:meta_value><![CDATA[<iframe title="How to install WooCommerce Page Builder for Elementor" width="640" height="360" src="https://www.youtube.com/embed/KXb6lFYRX8Q?feature=oembed" frameborder="0" allow="accelerometer; autoplay; encrypted-media; gyroscope; picture-in-picture" allowfullscreen></iframe>]]></wp:meta_value>
		</wp:postmeta>
							<wp:postmeta>
		<wp:meta_key><![CDATA[_oembed_time_bb48279101e5cb62744709fa758df646]]></wp:meta_key>
		<wp:meta_value><![CDATA[1578564475]]></wp:meta_value>
		</wp:postmeta>
							<wp:postmeta>
		<wp:meta_key><![CDATA[us_header_id]]></wp:meta_key>
		<wp:meta_value><![CDATA[__defaults__]]></wp:meta_value>
		</wp:postmeta>
							<wp:postmeta>
		<wp:meta_key><![CDATA[us_content_id]]></wp:meta_key>
		<wp:meta_value><![CDATA[__defaults__]]></wp:meta_value>
		</wp:postmeta>
							<wp:postmeta>
		<wp:meta_key><![CDATA[_us_in_content_ids]]></wp:meta_key>
		<wp:meta_value><![CDATA[]]></wp:meta_value>
		</wp:postmeta>
							<wp:postmeta>
		<wp:meta_key><![CDATA[us_migration_version]]></wp:meta_key>
		<wp:meta_value><![CDATA[6.0]]></wp:meta_value>
		</wp:postmeta>
							<wp:postmeta>
		<wp:meta_key><![CDATA[_elementor_controls_usage]]></wp:meta_key>
		<wp:meta_value><![CDATA[a:25:{s:7:"heading";a:3:{s:5:"count";i:4;s:15:"control_percent";i:1;s:8:"controls";a:3:{s:7:"content";a:1:{s:13:"section_title";a:5:{s:5:"title";i:4;s:11:"header_size";i:3;s:5:"align";i:3;s:12:"align_tablet";i:3;s:4:"size";i:1;}}s:5:"style";a:1:{s:19:"section_title_style";a:2:{s:11:"title_color";i:3;s:21:"typography_typography";i:2;}}s:8:"advanced";a:1:{s:15:"section_effects";a:2:{s:10:"_animation";i:3;s:16:"_animation_delay";i:3;}}}}s:6:"column";a:3:{s:5:"count";i:29;s:15:"control_percent";i:0;s:8:"controls";a:1:{s:6:"layout";a:1:{s:6:"layout";a:1:{s:12:"_inline_size";i:20;}}}}s:7:"section";a:3:{s:5:"count";i:17;s:15:"control_percent";i:0;s:8:"controls";a:3:{s:6:"layout";a:2:{s:17:"section_structure";a:1:{s:9:"structure";i:8;}s:14:"section_layout";a:4:{s:15:"stretch_section";i:2;s:16:"content_position";i:3;s:13:"content_width";i:1;s:3:"gap";i:6;}}s:5:"style";a:2:{s:12:"section_typo";a:1:{s:10:"text_align";i:1;}s:18:"section_background";a:4:{s:21:"background_background";i:3;s:16:"background_color";i:3;s:18:"background_color_b";i:1;s:25:"background_gradient_angle";i:1;}}s:8:"advanced";a:3:{s:16:"section_advanced";a:6:{s:6:"margin";i:2;s:13:"margin_tablet";i:2;s:7:"padding";i:2;s:14:"padding_tablet";i:2;s:14:"padding_mobile";i:2;s:13:"margin_mobile";i:1;}s:19:"_section_responsive";a:1:{s:11:"hide_mobile";i:1;}s:15:"section_effects";a:1:{s:9:"animation";i:1;}}}}s:21:"single-product-images";a:3:{s:5:"count";i:1;s:15:"control_percent";i:1;s:8:"controls";a:1:{s:5:"style";a:1:{s:13:"section_style";a:2:{s:20:"product_gallery_type";i:1;s:20:"gallery_slider_style";i:1;}}}}s:10:"breadcrumb";a:3:{s:5:"count";i:1;s:15:"control_percent";i:0;s:8:"controls";a:0:{}}s:20:"single-product-title";a:3:{s:5:"count";i:1;s:15:"control_percent";i:0;s:8:"controls";a:0:{}}s:7:"divider";a:3:{s:5:"count";i:2;s:15:"control_percent";i:0;s:8:"controls";a:1:{s:5:"style";a:1:{s:21:"section_divider_style";a:2:{s:3:"gap";i:1;s:5:"color";i:1;}}}}s:21:"single-product-rating";a:3:{s:5:"count";i:1;s:15:"control_percent";i:0;s:8:"controls";a:0:{}}s:20:"single-product-price";a:3:{s:5:"count";i:1;s:15:"control_percent";i:0;s:8:"controls";a:0:{}}s:32:"single-product-short-description";a:3:{s:5:"count";i:1;s:15:"control_percent";i:0;s:8:"controls";a:0:{}}s:26:"single-product-add-to-cart";a:3:{s:5:"count";i:1;s:15:"control_percent";i:0;s:8:"controls";a:0:{}}s:19:"single-product-meta";a:3:{s:5:"count";i:1;s:15:"control_percent";i:0;s:8:"controls";a:1:{s:5:"style";a:1:{s:13:"section_style";a:1:{s:4:"view";i:1;}}}}s:37:"single-product-additional-information";a:3:{s:5:"count";i:1;s:15:"control_percent";i:0;s:8:"controls";a:0:{}}s:12:"social-icons";a:3:{s:5:"count";i:1;s:15:"control_percent";i:2;s:8:"controls";a:2:{s:7:"content";a:1:{s:19:"section_social_icon";a:2:{s:16:"social_icon_list";i:1;s:5:"shape";i:1;}}s:8:"advanced";a:1:{s:15:"section_effects";a:2:{s:10:"_animation";i:1;s:16:"_animation_delay";i:1;}}}}s:7:"counter";a:3:{s:5:"count";i:2;s:15:"control_percent";i:0;s:8:"controls";a:1:{s:7:"content";a:1:{s:15:"section_counter";a:1:{s:13:"ending_number";i:1;}}}}s:8:"progress";a:3:{s:5:"count";i:2;s:15:"control_percent";i:0;s:8:"controls";a:1:{s:7:"content";a:1:{s:16:"section_progress";a:1:{s:7:"percent";i:2;}}}}s:19:"single-product-tabs";a:3:{s:5:"count";i:1;s:15:"control_percent";i:0;s:8:"controls";a:0:{}}s:22:"single-product-related";a:3:{s:5:"count";i:1;s:15:"control_percent";i:0;s:8:"controls";a:1:{s:7:"content";a:1:{s:24:"section_related_products";a:2:{s:14:"posts_per_page";i:1;s:7:"columns";i:1;}}}}s:11:"text-editor";a:3:{s:5:"count";i:3;s:15:"control_percent";i:0;s:8:"controls";a:1:{s:7:"content";a:1:{s:14:"section_editor";a:1:{s:6:"editor";i:3;}}}}s:5:"image";a:3:{s:5:"count";i:4;s:15:"control_percent";i:0;s:8:"controls";a:1:{s:7:"content";a:1:{s:13:"section_image";a:2:{s:5:"image";i:4;s:5:"align";i:1;}}}}s:5:"video";a:3:{s:5:"count";i:1;s:15:"control_percent";i:0;s:8:"controls";a:1:{s:7:"content";a:1:{s:13:"section_video";a:1:{s:11:"youtube_url";i:1;}}}}s:22:"single-product-content";a:3:{s:5:"count";i:1;s:15:"control_percent";i:0;s:8:"controls";a:0:{}}s:22:"single-product-upsells";a:3:{s:5:"count";i:1;s:15:"control_percent";i:1;s:8:"controls";a:2:{s:5:"style";a:1:{s:22:"section_products_style";a:1:{s:5:"align";i:1;}}s:7:"content";a:1:{s:15:"section_upsells";a:2:{s:14:"columns_tablet";i:1;s:14:"columns_mobile";i:1;}}}}s:6:"spacer";a:3:{s:5:"count";i:3;s:15:"control_percent";i:0;s:8:"controls";a:0:{}}s:8:"icon-box";a:3:{s:5:"count";i:3;s:15:"control_percent";i:0;s:8:"controls";a:1:{s:7:"content";a:1:{s:12:"section_icon";a:1:{s:16:"description_text";i:3;}}}}}]]></wp:meta_value>
		</wp:postmeta>
							</item>
				</channel>
</rss>
	