<?xml version="1.0" encoding="UTF-8" ?>
<!-- This is a WordPress eXtended RSS file generated by WordPress as an export of your site. -->
<!-- It contains information about your site's posts, pages, comments, categories, and other content. -->
<!-- You may use this file to transfer that content from one site to another. -->
<!-- This file is not intended to serve as a complete backup of your site. -->

<!-- To import this information into a WordPress site follow these steps: -->
<!-- 1. Log in to that site as an administrator. -->
<!-- 2. Go to Tools: Import in the WordPress admin panel. -->
<!-- 3. Install the "WordPress" importer from the list. -->
<!-- 4. Activate & Run Importer. -->
<!-- 5. Upload this file using the form provided on that page. -->
<!-- 6. You will first be asked to map the authors in this export file to users -->
<!--    on the site. For each author, you may choose to map to an -->
<!--    existing user on the site or to create a new user. -->
<!-- 7. WordPress will then import each of the posts, pages, comments, categories, etc. -->
<!--    contained in this file into your site. -->

	<!-- generator="WordPress/5.3.2" created="2020-02-10 10:07" -->
<rss version="2.0"
	xmlns:excerpt="http://wordpress.org/export/1.2/excerpt/"
	xmlns:content="http://purl.org/rss/1.0/modules/content/"
	xmlns:wfw="http://wellformedweb.org/CommentAPI/"
	xmlns:dc="http://purl.org/dc/elements/1.1/"
	xmlns:wp="http://wordpress.org/export/1.2/"
>

<channel>
	<title>WooCommerce Page Builder For Elementor</title>
	<link>http://localhost/woocommerce-elementor</link>
	<description></description>
	<pubDate>Mon, 10 Feb 2020 10:07:27 +0000</pubDate>
	<language>en-US</language>
	<wp:wxr_version>1.2</wp:wxr_version>
	<wp:base_site_url>http://localhost/woocommerce-elementor/</wp:base_site_url>
	<wp:base_blog_url>http://localhost/woocommerce-elementor</wp:base_blog_url>

		<wp:author><wp:author_id>1</wp:author_id><wp:author_login><![CDATA[admin]]></wp:author_login><wp:author_email><![CDATA[dawnthemes@gmail.com]]></wp:author_email><wp:author_display_name><![CDATA[admin]]></wp:author_display_name><wp:author_first_name><![CDATA[Dawn]]></wp:author_first_name><wp:author_last_name><![CDATA[Themes]]></wp:author_last_name></wp:author>

				
	<generator>https://wordpress.org/?v=5.3.2</generator>

<image>
	<url>http://localhost/woocommerce-elementor/wp-content/uploads/2019/02/cropped-80x80-1-32x32.jpg</url>
	<title>WooCommerce Page Builder For Elementor</title>
	<link>http://localhost/woocommerce-elementor</link>
	<width>32</width>
	<height>32</height>
</image> 

		<item>
		<title>Shop Layout #3</title>
		<link>http://localhost/woocommerce-elementor/?dtwcbe_woo_library=shop-layout-3</link>
		<pubDate>Mon, 18 Feb 2019 08:41:53 +0000</pubDate>
		<dc:creator><![CDATA[admin]]></dc:creator>
		<guid isPermaLink="false">http://demo.dawnthemes.com/woocommerce-builder-elementor/wcbe3/?post_type=dtwcbe_woo_library&#038;p=158</guid>
		<description></description>
		<content:encoded><![CDATA[<h1>Shop</h1>		
			<nav>Home</nav>		
										<img width="868" height="482" src="http://demo.dawnthemes.com/woocommerce-builder-elementor/wcbe3/wp-content/uploads/sites/4/2019/02/04_Categories-top.jpg" alt="" />											
			
	
					Sort by popularity
					Sort by average rating
					Sort by latest
					Sort by price: low to high
					Sort by price: high to low
			
	
	
<p>
	Showing 1&ndash;9 of 17 results</p>
<ul>
<li>
	<a href="http://demo.dawnthemes.com/woocommerce-builder-elementor/wcbe3/product/album/"><img width="400" height="400" src="http://demo.dawnthemes.com/woocommerce-builder-elementor/wcbe3/wp-content/uploads/sites/4/2019/02/album-1-416x416.jpg" alt="" /><h2>Album</h2>
	&pound;15.00
</a><a href="/woocommerce-builder-elementor/wcbe3/wp-admin/admin-ajax.php?add-to-cart=20" data-quantity="1" aria-label="Add &ldquo;Album&rdquo; to your cart" rel="nofollow">Add to cart</a></li>
<li>
	<a href="http://demo.dawnthemes.com/woocommerce-builder-elementor/wcbe3/product/beanie/">
	Sale!
<img width="400" height="400" src="http://demo.dawnthemes.com/woocommerce-builder-elementor/wcbe3/wp-content/uploads/sites/4/2019/02/beanie-2-416x416.jpg" alt="" /><h2>Beanie</h2>
	<del>&pound;20.00</del> <ins>&pound;18.00</ins>
</a><a href="/woocommerce-builder-elementor/wcbe3/wp-admin/admin-ajax.php?add-to-cart=12" data-quantity="1" aria-label="Add &ldquo;Beanie&rdquo; to your cart" rel="nofollow">Add to cart</a></li>
<li>
	<a href="http://demo.dawnthemes.com/woocommerce-builder-elementor/wcbe3/product/beanie-with-logo/">
	Sale!
<img width="400" height="400" src="http://demo.dawnthemes.com/woocommerce-builder-elementor/wcbe3/wp-content/uploads/sites/4/2019/02/beanie-with-logo-1-416x416.jpg" alt="" /><h2>Beanie with Logo</h2>
	<del>&pound;20.00</del> <ins>&pound;18.00</ins>
</a><a href="/woocommerce-builder-elementor/wcbe3/wp-admin/admin-ajax.php?add-to-cart=29" data-quantity="1" aria-label="Add &ldquo;Beanie with Logo&rdquo; to your cart" rel="nofollow">Add to cart</a></li>
<li>
	<a href="http://demo.dawnthemes.com/woocommerce-builder-elementor/wcbe3/product/belt/">
	Sale!
<img width="400" height="400" src="http://demo.dawnthemes.com/woocommerce-builder-elementor/wcbe3/wp-content/uploads/sites/4/2019/02/belt-2-416x416.jpg" alt="" /><h2>Belt</h2>
	<del>&pound;65.00</del> <ins>&pound;55.00</ins>
</a><a href="/woocommerce-builder-elementor/wcbe3/wp-admin/admin-ajax.php?add-to-cart=13" data-quantity="1" aria-label="Add &ldquo;Belt&rdquo; to your cart" rel="nofollow">Add to cart</a></li>
<li>
	<a href="http://demo.dawnthemes.com/woocommerce-builder-elementor/wcbe3/product/long-sleeve-tee/">
	Sale!
<img width="400" height="400" src="http://demo.dawnthemes.com/woocommerce-builder-elementor/wcbe3/wp-content/uploads/sites/4/2019/02/kendall-jenner-american-fashion-model-hd-wallpaper-600x600.png" alt="" /><h2>Besiva Women&#8217;s Sheath Maroon Dress</h2>
	<del>&pound;825.00</del> <ins>&pound;625.00</ins>
</a><a href="/woocommerce-builder-elementor/wcbe3/wp-admin/admin-ajax.php?add-to-cart=18" data-quantity="1" aria-label="Add &ldquo;Besiva Women&#039;s Sheath Maroon Dress&rdquo; to your cart" rel="nofollow">Add to cart</a></li>
<li>
	<a href="http://demo.dawnthemes.com/woocommerce-builder-elementor/wcbe3/product/cap/">
	Sale!
<img width="400" height="400" src="http://demo.dawnthemes.com/woocommerce-builder-elementor/wcbe3/wp-content/uploads/sites/4/2019/02/cap-2-416x416.jpg" alt="" /><h2>Cap</h2>
	<del>&pound;18.00</del> <ins>&pound;16.00</ins>
</a><a href="/woocommerce-builder-elementor/wcbe3/wp-admin/admin-ajax.php?add-to-cart=14" data-quantity="1" aria-label="Add &ldquo;Cap&rdquo; to your cart" rel="nofollow">Add to cart</a></li>
<li>
	<a href="http://demo.dawnthemes.com/woocommerce-builder-elementor/wcbe3/product/hoodie/">
	Sale!
<img width="400" height="400" src="http://demo.dawnthemes.com/woocommerce-builder-elementor/wcbe3/wp-content/uploads/sites/4/2019/02/hoodie-2-416x416.jpg" alt="" /><h2>Hoodie</h2>
	&pound;42.00 &ndash; &pound;45.00
</a><a href="http://demo.dawnthemes.com/woocommerce-builder-elementor/wcbe3/product/hoodie/" data-quantity="1" aria-label="Select options for &ldquo;Hoodie&rdquo;" rel="nofollow">Select options</a></li>
<li>
	<a href="http://demo.dawnthemes.com/woocommerce-builder-elementor/wcbe3/product/hoodie-with-logo/"><img width="400" height="400" src="http://demo.dawnthemes.com/woocommerce-builder-elementor/wcbe3/wp-content/uploads/sites/4/2019/02/hoodie-with-logo-2-416x416.jpg" alt="" /><h2>Hoodie with Logo</h2>
	&pound;45.00
</a><a href="/woocommerce-builder-elementor/wcbe3/wp-admin/admin-ajax.php?add-to-cart=10" data-quantity="1" aria-label="Add &ldquo;Hoodie with Logo&rdquo; to your cart" rel="nofollow">Add to cart</a></li>
<li>
	<a href="http://demo.dawnthemes.com/woocommerce-builder-elementor/wcbe3/product/hoodie-with-zipper/"><img width="400" height="400" src="http://demo.dawnthemes.com/woocommerce-builder-elementor/wcbe3/wp-content/uploads/sites/4/2019/02/hoodie-with-zipper-2-416x416.jpg" alt="" /><h2>Hoodie with Zipper</h2>
	&pound;45.00
</a><a href="/woocommerce-builder-elementor/wcbe3/wp-admin/admin-ajax.php?add-to-cart=17" data-quantity="1" aria-label="Add &ldquo;Hoodie with Zipper&rdquo; to your cart" rel="nofollow">Add to cart</a></li>
</ul>
										<img width="1171" height="260" src="http://demo.dawnthemes.com/woocommerce-builder-elementor/wcbe3/wp-content/uploads/sites/4/2019/02/04_Categories.jpg" alt="" />											
				<h3>
					Free Shipping &amp; Returns
				</h3>
				<p>Pellentesque in semp Suspendihendrerieros sed posuere pharetra enim ipsum convallis urna eget sollicitudin</p>
				<h3>
					Track Your Order
				</h3>
				<p>Pellentesque in semp Suspendihendrerieros sed posuere pharetra enim ipsum convallis urna eget sollicitudin</p>
				<h3>
					Online Cancellations
				</h3>
				<p>Pellentesque in semp Suspendihendrerieros sed posuere pharetra enim ipsum convallis urna eget sollicitudin</p>
							<a href="" target="_blank" rel="noopener noreferrer">
					Facebook
				</a>
							<a href="">
					Youtube
				</a>
							<a href="">
					Twitter
				</a>
							<a href="">
					Google-plus
				</a>]]></content:encoded>
		<excerpt:encoded><![CDATA[]]></excerpt:encoded>
		<wp:post_id>158</wp:post_id>
		<wp:post_date><![CDATA[2019-02-18 08:41:53]]></wp:post_date>
		<wp:post_date_gmt><![CDATA[2019-02-18 08:41:53]]></wp:post_date_gmt>
		<wp:comment_status><![CDATA[closed]]></wp:comment_status>
		<wp:ping_status><![CDATA[closed]]></wp:ping_status>
		<wp:post_name><![CDATA[shop-layout-3]]></wp:post_name>
		<wp:status><![CDATA[publish]]></wp:status>
		<wp:post_parent>0</wp:post_parent>
		<wp:menu_order>0</wp:menu_order>
		<wp:post_type><![CDATA[dtwcbe_woo_library]]></wp:post_type>
		<wp:post_password><![CDATA[]]></wp:post_password>
		<wp:is_sticky>0</wp:is_sticky>
										<category domain="dtwcbe_woo_library_type" nicename="product-archive"><![CDATA[product-archive]]></category>
						<wp:postmeta>
		<wp:meta_key><![CDATA[_elementor_controls_usage]]></wp:meta_key>
		<wp:meta_value><![CDATA[a:0:{}]]></wp:meta_value>
		</wp:postmeta>
							<wp:postmeta>
		<wp:meta_key><![CDATA[_us_in_content_ids]]></wp:meta_key>
		<wp:meta_value><![CDATA[]]></wp:meta_value>
		</wp:postmeta>
							<wp:postmeta>
		<wp:meta_key><![CDATA[us_og_image]]></wp:meta_key>
		<wp:meta_value><![CDATA[http://demo.dawnthemes.com/woocommerce-builder-elementor/wcbe3/wp-content/uploads/sites/4/2019/02/04_Categories-top.jpg]]></wp:meta_value>
		</wp:postmeta>
							<wp:postmeta>
		<wp:meta_key><![CDATA[_dtwcbe_edit_mode]]></wp:meta_key>
		<wp:meta_value><![CDATA[builder]]></wp:meta_value>
		</wp:postmeta>
							<wp:postmeta>
		<wp:meta_key><![CDATA[_dtwcbe_woo_template_type]]></wp:meta_key>
		<wp:meta_value><![CDATA[product-archive]]></wp:meta_value>
		</wp:postmeta>
							<wp:postmeta>
		<wp:meta_key><![CDATA[us_og_image]]></wp:meta_key>
		<wp:meta_value><![CDATA[http://demo.dawnthemes.com/woocommerce-builder-elementor/wcbe3/wp-content/uploads/sites/4/2019/02/04_Categories-top.jpg]]></wp:meta_value>
		</wp:postmeta>
							<wp:postmeta>
		<wp:meta_key><![CDATA[_elementor_edit_mode]]></wp:meta_key>
		<wp:meta_value><![CDATA[builder]]></wp:meta_value>
		</wp:postmeta>
							<wp:postmeta>
		<wp:meta_key><![CDATA[_elementor_template_type]]></wp:meta_key>
		<wp:meta_value><![CDATA[post]]></wp:meta_value>
		</wp:postmeta>
							<wp:postmeta>
		<wp:meta_key><![CDATA[_wp_page_template]]></wp:meta_key>
		<wp:meta_value><![CDATA[elementor_header_footer]]></wp:meta_value>
		</wp:postmeta>
							<wp:postmeta>
		<wp:meta_key><![CDATA[_elementor_data]]></wp:meta_key>
		<wp:meta_value><![CDATA[[{"id":"89b02db","elType":"section","settings":{"stretch_section":"section-stretched","gap":"wide","content_position":"middle","structure":"20","background_background":"classic","background_color":"#f5f5f5"},"elements":[{"id":"0aebcd7","elType":"column","settings":{"_column_size":50,"_inline_size":null},"elements":[{"id":"57f14ba","elType":"widget","settings":{"archive_title_color":"#e95095","archive_title_typography_typography":"custom","archive_title_typography_font_size":{"unit":"px","size":24},"archive_title_align_tablet":"left","archive_title_align_mobile":"center"},"elements":[],"widgetType":"archive-title"}],"isInner":false},{"id":"0ad0d11","elType":"column","settings":{"_column_size":50,"_inline_size":null},"elements":[{"id":"a8d7578","elType":"widget","settings":{"text_color":"#e95095","link_color":"#e95095","alignment":"right","alignment_mobile":"center"},"elements":[],"widgetType":"breadcrumb"}],"isInner":false}],"isInner":false},{"id":"61f64f3","elType":"section","settings":{"stretch_section":"section-stretched","layout":"full_width","gap":"wide","structure":"34","background_background":"classic","background_color":"#f5f5f5"},"elements":[{"id":"00780e9","elType":"column","settings":{"_column_size":16,"_inline_size":14.63},"elements":[],"isInner":false},{"id":"ad165c9","elType":"column","settings":{"_column_size":66,"_inline_size":71.111,"background_background":"classic","background_color":"#ffffff"},"elements":[{"id":"cefec60","elType":"widget","settings":{"space":{"unit":"px","size":40}},"elements":[],"widgetType":"spacer"},{"id":"24f44c9","elType":"section","settings":{"structure":"21"},"elements":[{"id":"235fcae","elType":"column","settings":{"_column_size":33,"_inline_size":null},"elements":[{"id":"a03abe8","elType":"widget","settings":{"sidebar":"default_sidebar"},"elements":[],"widgetType":"sidebar"}],"isInner":true},{"id":"5806c2b","elType":"column","settings":{"_column_size":66,"_inline_size":null},"elements":[{"id":"7eaae2f","elType":"widget","settings":{"image":{"url":"http:\/\/demo.dawnthemes.com\/woocommerce-builder-elementor\/wcbe3\/wp-content\/uploads\/sites\/4\/2019\/02\/04_Categories-top.jpg","id":197},"image_size":"full","align":"center"},"elements":[],"widgetType":"image"},{"id":"b697281","elType":"widget","settings":{"columns":3,"rows":3,"allow_order":"yes","show_result_count":"yes","nothing_found_message":"No products were found matching your selection.","columns_tablet":2,"columns_mobile":2},"elements":[],"widgetType":"archive-products"}],"isInner":true}],"isInner":true},{"id":"2bf77bc","elType":"widget","settings":[],"elements":[],"widgetType":"spacer"},{"id":"c7029cf","elType":"section","settings":[],"elements":[{"id":"f32ff6b","elType":"column","settings":{"_column_size":100,"_inline_size":null},"elements":[{"id":"57f766b","elType":"widget","settings":{"image":{"url":"http:\/\/demo.dawnthemes.com\/woocommerce-builder-elementor\/wcbe3\/wp-content\/uploads\/sites\/4\/2019\/02\/04_Categories.jpg","id":192},"image_size":"full"},"elements":[],"widgetType":"image"}],"isInner":true}],"isInner":true},{"id":"5130ef6","elType":"widget","settings":[],"elements":[],"widgetType":"spacer"}],"isInner":false},{"id":"57fe5bf","elType":"column","settings":{"_column_size":16,"_inline_size":14.257},"elements":[],"isInner":false}],"isInner":false},{"id":"26a291c","elType":"section","settings":{"stretch_section":"section-stretched","gap":"wide","structure":"30","background_background":"classic","background_color":"#f5f5f5","padding":{"unit":"px","top":"60","right":"0","bottom":"30","left":"0","isLinked":false}},"elements":[{"id":"c8c696b","elType":"column","settings":{"_column_size":33,"_inline_size":null,"background_background":"classic","background_color":"#ffffff","margin":{"unit":"px","top":"20","right":"20","bottom":"20","left":"20","isLinked":true}},"elements":[{"id":"b95e0dd","elType":"widget","settings":{"icon":"fa fa-ambulance","title_text":"Free Shipping & Returns","description_text":"Pellentesque in semp Suspendihendrerieros sed posuere pharetra enim ipsum convallis urna eget sollicitudin","primary_color":"#e95095","text_align":"center","title_color":"#e95095","title_typography_typography":"custom","title_typography_font_size":{"unit":"px","size":20},"selected_icon":{"value":"fas fa-ambulance","library":"fa-solid"}},"elements":[],"widgetType":"icon-box"}],"isInner":false},{"id":"79027bc","elType":"column","settings":{"_column_size":33,"_inline_size":null,"background_background":"classic","background_color":"#ffffff","margin":{"unit":"px","top":"20","right":"20","bottom":"20","left":"20","isLinked":true}},"elements":[{"id":"9f5c2ad","elType":"widget","settings":{"icon":"fa fa-hand-o-right","title_text":"Track Your Order","description_text":"Pellentesque in semp Suspendihendrerieros sed posuere pharetra enim ipsum convallis urna eget sollicitudin","primary_color":"#e95095","text_align":"center","title_color":"#e95095","title_typography_typography":"custom","title_typography_font_size":{"unit":"px","size":20},"selected_icon":{"value":"far fa-hand-point-right","library":"fa-regular"}},"elements":[],"widgetType":"icon-box"}],"isInner":false},{"id":"b48673c","elType":"column","settings":{"_column_size":33,"_inline_size":null,"background_background":"classic","background_color":"#ffffff","margin":{"unit":"px","top":"20","right":"20","bottom":"20","left":"20","isLinked":true}},"elements":[{"id":"8c93f8e","elType":"widget","settings":{"icon":"fa fa-window-close-o","title_text":"Online Cancellations","description_text":"Pellentesque in semp Suspendihendrerieros sed posuere pharetra enim ipsum convallis urna eget sollicitudin","primary_color":"#e95095","text_align":"center","title_color":"#e95095","title_typography_typography":"custom","title_typography_font_size":{"unit":"px","size":20},"selected_icon":{"value":"far fa-window-close","library":"fa-regular"}},"elements":[],"widgetType":"icon-box"}],"isInner":false}],"isInner":false},{"id":"15e4fb3","elType":"section","settings":{"stretch_section":"section-stretched","gap":"wide","background_background":"classic","background_color":"#f5f5f5","padding":{"unit":"px","top":"30","right":"0","bottom":"60","left":"0","isLinked":false}},"elements":[{"id":"dd18be4","elType":"column","settings":{"_column_size":100,"_inline_size":null},"elements":[{"id":"2e3ffca","elType":"widget","settings":{"social_icon_list":[{"social":"fa fa-facebook","_id":"9cd3e93","link":{"url":"","is_external":"true","nofollow":""}},{"social":"fa fa-youtube","link":{"url":"","is_external":"","nofollow":""},"_id":"8aab41e"},{"social":"fa fa-twitter","_id":"db8ffed","link":{"url":"","is_external":"","nofollow":""}},{"social":"fa fa-google-plus","_id":"825e218","link":{"url":"","is_external":"","nofollow":""}}],"shape":"circle","icon_spacing":{"unit":"px","size":25},"hover_animation":"shrink"},"elements":[],"widgetType":"social-icons"}],"isInner":false}],"isInner":false}]]]></wp:meta_value>
		</wp:postmeta>
							<wp:postmeta>
		<wp:meta_key><![CDATA[_elementor_version]]></wp:meta_key>
		<wp:meta_value><![CDATA[0.4]]></wp:meta_value>
		</wp:postmeta>
							<wp:postmeta>
		<wp:meta_key><![CDATA[_edit_last]]></wp:meta_key>
		<wp:meta_value><![CDATA[1]]></wp:meta_value>
		</wp:postmeta>
							<wp:postmeta>
		<wp:meta_key><![CDATA[us_header_sticky_pos]]></wp:meta_key>
		<wp:meta_value><![CDATA[]]></wp:meta_value>
		</wp:postmeta>
							<wp:postmeta>
		<wp:meta_key><![CDATA[us_titlebar_id]]></wp:meta_key>
		<wp:meta_value><![CDATA[__defaults__]]></wp:meta_value>
		</wp:postmeta>
							<wp:postmeta>
		<wp:meta_key><![CDATA[us_sidebar_id]]></wp:meta_key>
		<wp:meta_value><![CDATA[__defaults__]]></wp:meta_value>
		</wp:postmeta>
							<wp:postmeta>
		<wp:meta_key><![CDATA[us_sidebar_pos]]></wp:meta_key>
		<wp:meta_value><![CDATA[right]]></wp:meta_value>
		</wp:postmeta>
							<wp:postmeta>
		<wp:meta_key><![CDATA[us_footer_id]]></wp:meta_key>
		<wp:meta_value><![CDATA[__defaults__]]></wp:meta_value>
		</wp:postmeta>
							<wp:postmeta>
		<wp:meta_key><![CDATA[dtwcbe_condition_archive_product_is_tax]]></wp:meta_key>
		<wp:meta_value><![CDATA[158]]></wp:meta_value>
		</wp:postmeta>
							<wp:postmeta>
		<wp:meta_key><![CDATA[_elementor_controls_usage]]></wp:meta_key>
		<wp:meta_value><![CDATA[a:10:{s:13:"archive-title";a:3:{s:5:"count";i:1;s:15:"control_percent";i:2;s:8:"controls";a:1:{s:5:"style";a:1:{s:13:"section_style";a:5:{s:19:"archive_title_color";i:1;s:35:"archive_title_typography_typography";i:1;s:34:"archive_title_typography_font_size";i:1;s:26:"archive_title_align_tablet";i:1;s:26:"archive_title_align_mobile";i:1;}}}}s:6:"column";a:3:{s:5:"count";i:12;s:15:"control_percent";i:0;s:8:"controls";a:3:{s:6:"layout";a:1:{s:6:"layout";a:1:{s:12:"_inline_size";i:12;}}s:5:"style";a:1:{s:13:"section_style";a:2:{s:21:"background_background";i:4;s:16:"background_color";i:4;}}s:8:"advanced";a:1:{s:16:"section_advanced";a:1:{s:6:"margin";i:3;}}}}s:10:"breadcrumb";a:3:{s:5:"count";i:1;s:15:"control_percent";i:2;s:8:"controls";a:1:{s:5:"style";a:1:{s:24:"section_breadcrumb_style";a:4:{s:10:"text_color";i:1;s:10:"link_color";i:1;s:9:"alignment";i:1;s:16:"alignment_mobile";i:1;}}}}s:7:"section";a:3:{s:5:"count";i:6;s:15:"control_percent";i:2;s:8:"controls";a:3:{s:6:"layout";a:2:{s:14:"section_layout";a:4:{s:15:"stretch_section";i:4;s:3:"gap";i:4;s:16:"content_position";i:1;s:6:"layout";i:1;}s:17:"section_structure";a:1:{s:9:"structure";i:4;}}s:5:"style";a:1:{s:18:"section_background";a:2:{s:21:"background_background";i:4;s:16:"background_color";i:4;}}s:8:"advanced";a:1:{s:16:"section_advanced";a:1:{s:7:"padding";i:2;}}}}s:6:"spacer";a:3:{s:5:"count";i:3;s:15:"control_percent";i:0;s:8:"controls";a:1:{s:7:"content";a:1:{s:14:"section_spacer";a:1:{s:5:"space";i:1;}}}}s:7:"sidebar";a:3:{s:5:"count";i:1;s:15:"control_percent";i:1;s:8:"controls";a:1:{s:7:"content";a:1:{s:15:"section_sidebar";a:1:{s:7:"sidebar";i:1;}}}}s:5:"image";a:3:{s:5:"count";i:2;s:15:"control_percent";i:1;s:8:"controls";a:1:{s:7:"content";a:1:{s:13:"section_image";a:3:{s:5:"image";i:2;s:10:"image_size";i:2;s:5:"align";i:1;}}}}s:16:"archive-products";a:3:{s:5:"count";i:1;s:15:"control_percent";i:1;s:8:"controls";a:1:{s:7:"content";a:1:{s:15:"section_content";a:6:{s:7:"columns";i:1;s:4:"rows";i:1;s:11:"allow_order";i:1;s:17:"show_result_count";i:1;s:14:"columns_tablet";i:1;s:14:"columns_mobile";i:1;}}}}s:8:"icon-box";a:3:{s:5:"count";i:3;s:15:"control_percent";i:3;s:8:"controls";a:2:{s:7:"content";a:1:{s:12:"section_icon";a:3:{s:10:"title_text";i:3;s:16:"description_text";i:3;s:13:"selected_icon";i:3;}}s:5:"style";a:2:{s:18:"section_style_icon";a:1:{s:13:"primary_color";i:3;}s:21:"section_style_content";a:4:{s:10:"text_align";i:3;s:11:"title_color";i:3;s:27:"title_typography_typography";i:3;s:26:"title_typography_font_size";i:3;}}}}s:12:"social-icons";a:3:{s:5:"count";i:1;s:15:"control_percent";i:2;s:8:"controls";a:2:{s:7:"content";a:1:{s:19:"section_social_icon";a:2:{s:16:"social_icon_list";i:1;s:5:"shape";i:1;}}s:5:"style";a:2:{s:20:"section_social_style";a:1:{s:12:"icon_spacing";i:1;}s:20:"section_social_hover";a:1:{s:15:"hover_animation";i:1;}}}}}]]></wp:meta_value>
		</wp:postmeta>
							<wp:postmeta>
		<wp:meta_key><![CDATA[us_header_id]]></wp:meta_key>
		<wp:meta_value><![CDATA[__defaults__]]></wp:meta_value>
		</wp:postmeta>
							<wp:postmeta>
		<wp:meta_key><![CDATA[us_content_id]]></wp:meta_key>
		<wp:meta_value><![CDATA[__defaults__]]></wp:meta_value>
		</wp:postmeta>
							<wp:postmeta>
		<wp:meta_key><![CDATA[_us_in_content_ids]]></wp:meta_key>
		<wp:meta_value><![CDATA[]]></wp:meta_value>
		</wp:postmeta>
							<wp:postmeta>
		<wp:meta_key><![CDATA[us_migration_version]]></wp:meta_key>
		<wp:meta_value><![CDATA[6.0]]></wp:meta_value>
		</wp:postmeta>
							</item>
				</channel>
</rss>
	