<?xml version="1.0" encoding="UTF-8" ?>
<!-- This is a WordPress eXtended RSS file generated by WordPress as an export of your site. -->
<!-- It contains information about your site's posts, pages, comments, categories, and other content. -->
<!-- You may use this file to transfer that content from one site to another. -->
<!-- This file is not intended to serve as a complete backup of your site. -->

<!-- To import this information into a WordPress site follow these steps: -->
<!-- 1. Log in to that site as an administrator. -->
<!-- 2. Go to Tools: Import in the WordPress admin panel. -->
<!-- 3. Install the "WordPress" importer from the list. -->
<!-- 4. Activate & Run Importer. -->
<!-- 5. Upload this file using the form provided on that page. -->
<!-- 6. You will first be asked to map the authors in this export file to users -->
<!--    on the site. For each author, you may choose to map to an -->
<!--    existing user on the site or to create a new user. -->
<!-- 7. WordPress will then import each of the posts, pages, comments, categories, etc. -->
<!--    contained in this file into your site. -->

	<!-- generator="WordPress/5.3.2" created="2020-02-10 10:08" -->
<rss version="2.0"
	xmlns:excerpt="http://wordpress.org/export/1.2/excerpt/"
	xmlns:content="http://purl.org/rss/1.0/modules/content/"
	xmlns:wfw="http://wellformedweb.org/CommentAPI/"
	xmlns:dc="http://purl.org/dc/elements/1.1/"
	xmlns:wp="http://wordpress.org/export/1.2/"
>

<channel>
	<title>WooCommerce Page Builder For Elementor</title>
	<link>http://localhost/woocommerce-elementor</link>
	<description></description>
	<pubDate>Mon, 10 Feb 2020 10:08:34 +0000</pubDate>
	<language>en-US</language>
	<wp:wxr_version>1.2</wp:wxr_version>
	<wp:base_site_url>http://localhost/woocommerce-elementor/</wp:base_site_url>
	<wp:base_blog_url>http://localhost/woocommerce-elementor</wp:base_blog_url>

		<wp:author><wp:author_id>1</wp:author_id><wp:author_login><![CDATA[admin]]></wp:author_login><wp:author_email><![CDATA[dawnthemes@gmail.com]]></wp:author_email><wp:author_display_name><![CDATA[admin]]></wp:author_display_name><wp:author_first_name><![CDATA[Dawn]]></wp:author_first_name><wp:author_last_name><![CDATA[Themes]]></wp:author_last_name></wp:author>

				
	<generator>https://wordpress.org/?v=5.3.2</generator>

<image>
	<url>http://localhost/woocommerce-elementor/wp-content/uploads/2019/02/cropped-80x80-1-32x32.jpg</url>
	<title>WooCommerce Page Builder For Elementor</title>
	<link>http://localhost/woocommerce-elementor</link>
	<width>32</width>
	<height>32</height>
</image> 

		<item>
		<title>My Account Layout #3</title>
		<link>http://localhost/woocommerce-elementor/?dtwcbe_woo_library=my-account-layout-3</link>
		<pubDate>Fri, 22 Feb 2019 08:23:54 +0000</pubDate>
		<dc:creator><![CDATA[admin]]></dc:creator>
		<guid isPermaLink="false">http://demo.dawnthemes.com/woocommerce-builder-elementor/wcbe3/?post_type=dtwcbe_woo_library&#038;p=325</guid>
		<description></description>
		<content:encoded><![CDATA[<nav>Home</nav>		
<p>Hello <strong>admin</strong> (not <strong>admin</strong>? <a href="http://demo.dawnthemes.com/woocommerce-builder-elementor/wcbe3/my-account/customer-logout/?_wpnonce=df9256a33e">Log out</a>)</p>
<p>From your account dashboard you can view your <a href="http://demo.dawnthemes.com/woocommerce-builder-elementor/wcbe3/orders/?dtwcbe_woo_library=my-account-layout-3">recent orders</a>, manage your <a href="http://demo.dawnthemes.com/woocommerce-builder-elementor/wcbe3/edit-address/?dtwcbe_woo_library=my-account-layout-3">shipping and billing addresses</a>, and <a href="http://demo.dawnthemes.com/woocommerce-builder-elementor/wcbe3/edit-account/?dtwcbe_woo_library=my-account-layout-3">edit your password and account details</a>.</p>
		<a href="http://demo.dawnthemes.com/woocommerce-builder-elementor/wcbe3/shop/">
			Go shop		</a>
		No order has been made yet.	
<p>
	The following addresses will be used on the checkout page by default.</p>
		<header>
			<h3>Billing address</h3>
			<a href="http://demo.dawnthemes.com/woocommerce-builder-elementor/wcbe3/edit-address/billing/?dtwcbe_woo_library=my-account-layout-3">Edit</a>
		</header>
		<address>Dawn Themes<br />DawnThemes<br />Victoria<br />Victoria 3000<br />Australia</address>
		<header>
			<h3>Shipping address</h3>
			<a href="http://demo.dawnthemes.com/woocommerce-builder-elementor/wcbe3/edit-address/shipping/?dtwcbe_woo_library=my-account-layout-3">Edit</a>
		</header>
		<address>Dawn Themes<br />DawnThemes<br />Victoria<br />Victoria 100000<br />Australia</address>

	<p>
		<label for="account_first_name">First name&nbsp;*</label>
		
	</p>
	<p>
		<label for="account_last_name">Last name&nbsp;*</label>
		
	</p>
	<p>
		<label for="account_display_name">Display name&nbsp;*</label>
		 <em>This will be how your name will be displayed in the account section and in reviews</em>
	</p>
	<p>
		<label for="account_email">Email address&nbsp;*</label>
		
	</p>
	<fieldset>
		<legend>Password change</legend>
		<p>
			<label for="password_current">Current password (leave blank to leave unchanged)</label>
			
		</p>
		<p>
			<label for="password_1">New password (leave blank to leave unchanged)</label>
			
		</p>
		<p>
			<label for="password_2">Confirm new password</label>
			
		</p>
	</fieldset>
	<p>
				<button type="submit" name="save_account_details" value="Save changes">Save changes</button>
		
	</p>
	
			The Best Sale Of The Year!		
				<a href="http://demo.dawnthemes.com/woocommerce-builder-elementor/wcbe3/my-account/customer-logout/?_wpnonce=df9256a33e">Logout</a>]]></content:encoded>
		<excerpt:encoded><![CDATA[]]></excerpt:encoded>
		<wp:post_id>325</wp:post_id>
		<wp:post_date><![CDATA[2019-02-22 08:23:54]]></wp:post_date>
		<wp:post_date_gmt><![CDATA[2019-02-22 08:23:54]]></wp:post_date_gmt>
		<wp:comment_status><![CDATA[closed]]></wp:comment_status>
		<wp:ping_status><![CDATA[closed]]></wp:ping_status>
		<wp:post_name><![CDATA[my-account-layout-3]]></wp:post_name>
		<wp:status><![CDATA[publish]]></wp:status>
		<wp:post_parent>0</wp:post_parent>
		<wp:menu_order>0</wp:menu_order>
		<wp:post_type><![CDATA[dtwcbe_woo_library]]></wp:post_type>
		<wp:post_password><![CDATA[]]></wp:post_password>
		<wp:is_sticky>0</wp:is_sticky>
										<category domain="dtwcbe_woo_library_type" nicename="my-account"><![CDATA[my-account]]></category>
						<wp:postmeta>
		<wp:meta_key><![CDATA[_elementor_controls_usage]]></wp:meta_key>
		<wp:meta_value><![CDATA[a:0:{}]]></wp:meta_value>
		</wp:postmeta>
							<wp:postmeta>
		<wp:meta_key><![CDATA[_us_in_content_ids]]></wp:meta_key>
		<wp:meta_value><![CDATA[]]></wp:meta_value>
		</wp:postmeta>
							<wp:postmeta>
		<wp:meta_key><![CDATA[us_og_image]]></wp:meta_key>
		<wp:meta_value><![CDATA[]]></wp:meta_value>
		</wp:postmeta>
							<wp:postmeta>
		<wp:meta_key><![CDATA[_dtwcbe_edit_mode]]></wp:meta_key>
		<wp:meta_value><![CDATA[builder]]></wp:meta_value>
		</wp:postmeta>
							<wp:postmeta>
		<wp:meta_key><![CDATA[_dtwcbe_woo_template_type]]></wp:meta_key>
		<wp:meta_value><![CDATA[my-account]]></wp:meta_value>
		</wp:postmeta>
							<wp:postmeta>
		<wp:meta_key><![CDATA[us_og_image]]></wp:meta_key>
		<wp:meta_value><![CDATA[]]></wp:meta_value>
		</wp:postmeta>
							<wp:postmeta>
		<wp:meta_key><![CDATA[_elementor_edit_mode]]></wp:meta_key>
		<wp:meta_value><![CDATA[builder]]></wp:meta_value>
		</wp:postmeta>
							<wp:postmeta>
		<wp:meta_key><![CDATA[_elementor_template_type]]></wp:meta_key>
		<wp:meta_value><![CDATA[post]]></wp:meta_value>
		</wp:postmeta>
							<wp:postmeta>
		<wp:meta_key><![CDATA[_wp_page_template]]></wp:meta_key>
		<wp:meta_value><![CDATA[default]]></wp:meta_value>
		</wp:postmeta>
							<wp:postmeta>
		<wp:meta_key><![CDATA[_elementor_data]]></wp:meta_key>
		<wp:meta_value><![CDATA[[{"id":"52e08a8","elType":"section","settings":{"stretch_section":"section-stretched","content_position":"middle","background_background":"classic","background_color":"#54595f","padding":{"unit":"px","top":"10","right":"0","bottom":"10","left":"0","isLinked":false}},"elements":[{"id":"48d1cc4","elType":"column","settings":{"_column_size":100,"content_position":"bottom","margin":{"unit":"px","top":"0","right":"0","bottom":"0","left":"0","isLinked":true}},"elements":[{"id":"572f638","elType":"widget","settings":{"text_color":"#ffffff","link_color":"#ffffff","_margin":{"unit":"px","top":"0","right":"0","bottom":"0","left":"0","isLinked":true},"_padding":{"unit":"px","top":"0","right":"0","bottom":"0","left":"0","isLinked":true}},"elements":[],"widgetType":"breadcrumb"}],"isInner":false}],"isInner":false},{"id":"de8d6a5","elType":"section","settings":{"gap":"no","content_position":"top","structure":"20","padding":{"unit":"px","top":"0","right":"0","bottom":"0","left":"0","isLinked":true},"background_background":"classic","background_color":"#f5f5f5","stretch_section":"section-stretched"},"elements":[{"id":"4bb1e20","elType":"column","settings":{"_column_size":50,"_inline_size":null,"background_background":"classic","background_color":"#ffffff"},"elements":[{"id":"81f7469","elType":"widget","settings":{"_padding":{"unit":"px","top":"50","right":"30","bottom":"50","left":"30","isLinked":false},"_padding_mobile":{"unit":"px","top":"10","right":"10","bottom":"10","left":"10","isLinked":true}},"elements":[],"widgetType":"dashboard"}],"isInner":false},{"id":"b80deda","elType":"column","settings":{"_column_size":50,"_inline_size":null,"background_background":"classic","background_image":{"url":"http:\/\/demo.dawnthemes.com\/woocommerce-builder-elementor\/wcbe3\/wp-content\/uploads\/sites\/4\/2019\/02\/miranda-kerr-hd-4k-4.jpg","id":107},"background_repeat":"no-repeat","background_size":"cover","padding":{"unit":"px","top":"30","right":"30","bottom":"30","left":"30","isLinked":true}},"elements":[{"id":"927bc32","elType":"widget","settings":[],"elements":[],"widgetType":"spacer"}],"isInner":false}],"isInner":false},{"id":"ae32173","elType":"section","settings":{"gap":"no","content_position":"top","structure":"20","padding":{"unit":"px","top":"0","right":"0","bottom":"0","left":"0","isLinked":true},"background_background":"classic","background_color":"#f5f5f5","stretch_section":"section-stretched"},"elements":[{"id":"a5731b7","elType":"column","settings":{"_column_size":50,"_inline_size":null,"background_background":"classic","background_image":{"url":"http:\/\/demo.dawnthemes.com\/woocommerce-builder-elementor\/wcbe3\/wp-content\/uploads\/sites\/4\/2019\/02\/shopping.jpg","id":108},"background_repeat":"no-repeat","background_size":"cover","padding":{"unit":"px","top":"30","right":"30","bottom":"30","left":"30","isLinked":true}},"elements":[{"id":"01f3289","elType":"widget","settings":[],"elements":[],"widgetType":"spacer"}],"isInner":false},{"id":"14a3d3e","elType":"column","settings":{"_column_size":50,"_inline_size":null,"background_background":"classic","background_color":"#ffffff","padding":{"unit":"px","top":"50","right":"30","bottom":"50","left":"30","isLinked":false},"padding_mobile":{"unit":"px","top":"10","right":"10","bottom":"10","left":"10","isLinked":true}},"elements":[{"id":"caf37c1","elType":"widget","settings":[],"elements":[],"widgetType":"orders"}],"isInner":false}],"isInner":false},{"id":"4de1ea2","elType":"section","settings":{"gap":"no","content_position":"top","structure":"20","padding":{"unit":"px","top":"0","right":"0","bottom":"0","left":"0","isLinked":true},"background_background":"classic","background_color":"#f5f5f5","stretch_section":"section-stretched"},"elements":[{"id":"1ee6e79","elType":"column","settings":{"_column_size":50,"_inline_size":null,"background_background":"classic","background_color":"#ffffff","padding":{"unit":"px","top":"50","right":"30","bottom":"50","left":"30","isLinked":false},"padding_mobile":{"unit":"px","top":"10","right":"10","bottom":"10","left":"10","isLinked":true}},"elements":[{"id":"ca8c0e4","elType":"widget","settings":[],"elements":[],"widgetType":"downloads"}],"isInner":false},{"id":"2da55d4","elType":"column","settings":{"_column_size":50,"_inline_size":null,"background_background":"classic","background_image":{"url":"http:\/\/demo.dawnthemes.com\/woocommerce-builder-elementor\/wcbe3\/wp-content\/uploads\/sites\/4\/2019\/02\/Girls-Shopping.jpg","id":102},"background_repeat":"no-repeat","background_size":"cover","padding":{"unit":"px","top":"30","right":"30","bottom":"30","left":"30","isLinked":true},"background_position":"center center"},"elements":[{"id":"fc44448","elType":"widget","settings":[],"elements":[],"widgetType":"spacer"}],"isInner":false}],"isInner":false},{"id":"d981376","elType":"section","settings":{"gap":"no","content_position":"top","structure":"20","padding":{"unit":"px","top":"0","right":"0","bottom":"0","left":"0","isLinked":true},"background_background":"classic","background_color":"#f5f5f5","stretch_section":"section-stretched"},"elements":[{"id":"3ab2113","elType":"column","settings":{"_column_size":50,"_inline_size":null,"background_background":"classic","background_image":{"url":"http:\/\/demo.dawnthemes.com\/woocommerce-builder-elementor\/wcbe3\/wp-content\/uploads\/sites\/4\/2019\/02\/woman-shopping-street-bags-shop-stock-today-180302-tease_192a54ebcfb697d311d3bdfc82ad1151.jpg","id":109},"background_repeat":"no-repeat","background_size":"cover","padding":{"unit":"px","top":"30","right":"30","bottom":"30","left":"30","isLinked":true}},"elements":[{"id":"2499d58","elType":"widget","settings":[],"elements":[],"widgetType":"spacer"}],"isInner":false},{"id":"7ff932c","elType":"column","settings":{"_column_size":50,"_inline_size":null,"background_background":"classic","background_color":"#ffffff","padding":{"unit":"px","top":"50","right":"30","bottom":"50","left":"30","isLinked":false},"padding_mobile":{"unit":"px","top":"10","right":"10","bottom":"10","left":"10","isLinked":true}},"elements":[{"id":"a5a1d24","elType":"widget","settings":[],"elements":[],"widgetType":"form-edit-address"}],"isInner":false}],"isInner":false},{"id":"e84ffbc","elType":"section","settings":{"gap":"no","content_position":"top","structure":"20","padding":{"unit":"px","top":"0","right":"0","bottom":"0","left":"0","isLinked":true},"background_background":"classic","background_color":"#f5f5f5","stretch_section":"section-stretched"},"elements":[{"id":"515b628","elType":"column","settings":{"_column_size":50,"_inline_size":null,"background_background":"classic","background_color":"#ffffff","padding":{"unit":"px","top":"50","right":"30","bottom":"50","left":"30","isLinked":false},"padding_mobile":{"unit":"px","top":"10","right":"10","bottom":"10","left":"10","isLinked":true}},"elements":[{"id":"8809945","elType":"widget","settings":[],"elements":[],"widgetType":"form-edit-account"}],"isInner":false},{"id":"281c2f9","elType":"column","settings":{"_column_size":50,"_inline_size":null,"background_background":"classic","background_image":{"url":"http:\/\/demo.dawnthemes.com\/woocommerce-builder-elementor\/wcbe3\/wp-content\/uploads\/sites\/4\/2019\/02\/kendall-jenner-american-fashion-model-hd-wallpaper.png","id":70},"background_repeat":"no-repeat","background_size":"cover","padding":{"unit":"px","top":"30","right":"30","bottom":"30","left":"30","isLinked":true},"background_position":"center center"},"elements":[{"id":"88de4c2","elType":"widget","settings":[],"elements":[],"widgetType":"spacer"}],"isInner":false}],"isInner":false},{"id":"1121934","elType":"section","settings":{"stretch_section":"section-stretched","background_background":"classic","background_color":"#f5f5f5"},"elements":[{"id":"8b4111f","elType":"column","settings":{"_column_size":100},"elements":[{"id":"692c2ea","elType":"widget","settings":[],"elements":[],"widgetType":"spacer"}],"isInner":false}],"isInner":false},{"id":"a94e3c1","elType":"section","settings":{"gap":"no","content_position":"top","structure":"20","padding":{"unit":"px","top":"0","right":"0","bottom":"0","left":"0","isLinked":true},"background_background":"classic","background_color":"#f5f5f5","stretch_section":"section-stretched"},"elements":[{"id":"ef792fa","elType":"column","settings":{"_column_size":50,"_inline_size":null,"background_background":"classic","background_image":{"url":"http:\/\/demo.dawnthemes.com\/woocommerce-builder-elementor\/wcbe3\/wp-content\/uploads\/sites\/4\/2019\/02\/lindsey-wixson-photoshoot-for-vogue-turkey-august-2015-_3.jpg","id":105},"background_repeat":"no-repeat","padding":{"unit":"px","top":"30","right":"30","bottom":"30","left":"30","isLinked":true},"background_position":"center center","content_position":"center","background_overlay_background":"classic","background_overlay_color":"rgba(255,255,255,0.5)"},"elements":[{"id":"8a7fd3f","elType":"widget","settings":{"title":"The Best Sale Of The Year!","size":"large","header_size":"div","align":"center","title_color":"#ffffff","typography_typography":"custom","text_shadow_text_shadow":{"horizontal":1,"vertical":12,"blur":30,"color":"rgba(255,255,255,0.27)"}},"elements":[],"widgetType":"heading"}],"isInner":false},{"id":"a0f2301","elType":"column","settings":{"_column_size":50,"_inline_size":null,"background_background":"classic","background_color":"#ffffff","padding":{"unit":"px","top":"50","right":"30","bottom":"50","left":"30","isLinked":false},"padding_mobile":{"unit":"px","top":"10","right":"10","bottom":"10","left":"10","isLinked":true}},"elements":[{"id":"fd01512","elType":"widget","settings":{"typography_typography":"custom","align":"center"},"elements":[],"widgetType":"logout"}],"isInner":false}],"isInner":false}]]]></wp:meta_value>
		</wp:postmeta>
							<wp:postmeta>
		<wp:meta_key><![CDATA[_elementor_version]]></wp:meta_key>
		<wp:meta_value><![CDATA[0.4]]></wp:meta_value>
		</wp:postmeta>
							<wp:postmeta>
		<wp:meta_key><![CDATA[_elementor_controls_usage]]></wp:meta_key>
		<wp:meta_value><![CDATA[a:11:{s:10:"breadcrumb";a:3:{s:5:"count";i:1;s:15:"control_percent";i:2;s:8:"controls";a:2:{s:5:"style";a:1:{s:24:"section_breadcrumb_style";a:2:{s:10:"text_color";i:1;s:10:"link_color";i:1;}}s:8:"advanced";a:1:{s:14:"_section_style";a:2:{s:7:"_margin";i:1;s:8:"_padding";i:1;}}}}s:6:"column";a:3:{s:5:"count";i:14;s:15:"control_percent";i:2;s:8:"controls";a:3:{s:6:"layout";a:1:{s:6:"layout";a:2:{s:16:"content_position";i:2;s:12:"_inline_size";i:12;}}s:8:"advanced";a:1:{s:16:"section_advanced";a:3:{s:6:"margin";i:1;s:7:"padding";i:11;s:14:"padding_mobile";i:5;}}s:5:"style";a:2:{s:13:"section_style";a:6:{s:21:"background_background";i:12;s:16:"background_color";i:6;s:16:"background_image";i:6;s:17:"background_repeat";i:6;s:15:"background_size";i:5;s:19:"background_position";i:3;}s:26:"section_background_overlay";a:2:{s:29:"background_overlay_background";i:1;s:24:"background_overlay_color";i:1;}}}}s:7:"section";a:3:{s:5:"count";i:8;s:15:"control_percent";i:2;s:8:"controls";a:3:{s:6:"layout";a:2:{s:14:"section_layout";a:3:{s:15:"stretch_section";i:8;s:16:"content_position";i:7;s:3:"gap";i:6;}s:17:"section_structure";a:1:{s:9:"structure";i:6;}}s:5:"style";a:1:{s:18:"section_background";a:2:{s:21:"background_background";i:8;s:16:"background_color";i:8;}}s:8:"advanced";a:1:{s:16:"section_advanced";a:1:{s:7:"padding";i:7;}}}}s:9:"dashboard";a:3:{s:5:"count";i:1;s:15:"control_percent";i:1;s:8:"controls";a:1:{s:8:"advanced";a:1:{s:14:"_section_style";a:2:{s:8:"_padding";i:1;s:15:"_padding_mobile";i:1;}}}}s:6:"spacer";a:3:{s:5:"count";i:6;s:15:"control_percent";i:0;s:8:"controls";a:0:{}}s:6:"orders";a:3:{s:5:"count";i:1;s:15:"control_percent";i:0;s:8:"controls";a:0:{}}s:9:"downloads";a:3:{s:5:"count";i:1;s:15:"control_percent";i:0;s:8:"controls";a:0:{}}s:17:"form-edit-address";a:3:{s:5:"count";i:1;s:15:"control_percent";i:0;s:8:"controls";a:0:{}}s:17:"form-edit-account";a:3:{s:5:"count";i:1;s:15:"control_percent";i:0;s:8:"controls";a:0:{}}s:7:"heading";a:3:{s:5:"count";i:1;s:15:"control_percent";i:3;s:8:"controls";a:2:{s:7:"content";a:1:{s:13:"section_title";a:4:{s:5:"title";i:1;s:4:"size";i:1;s:11:"header_size";i:1;s:5:"align";i:1;}}s:5:"style";a:1:{s:19:"section_title_style";a:3:{s:11:"title_color";i:1;s:21:"typography_typography";i:1;s:23:"text_shadow_text_shadow";i:1;}}}}s:6:"logout";a:3:{s:5:"count";i:1;s:15:"control_percent";i:1;s:8:"controls";a:1:{s:5:"style";a:1:{s:13:"section_style";a:2:{s:21:"typography_typography";i:1;s:5:"align";i:1;}}}}}]]></wp:meta_value>
		</wp:postmeta>
							<wp:postmeta>
		<wp:meta_key><![CDATA[us_header_id]]></wp:meta_key>
		<wp:meta_value><![CDATA[__defaults__]]></wp:meta_value>
		</wp:postmeta>
							<wp:postmeta>
		<wp:meta_key><![CDATA[us_titlebar_id]]></wp:meta_key>
		<wp:meta_value><![CDATA[__defaults__]]></wp:meta_value>
		</wp:postmeta>
							<wp:postmeta>
		<wp:meta_key><![CDATA[us_content_id]]></wp:meta_key>
		<wp:meta_value><![CDATA[__defaults__]]></wp:meta_value>
		</wp:postmeta>
							<wp:postmeta>
		<wp:meta_key><![CDATA[us_sidebar_id]]></wp:meta_key>
		<wp:meta_value><![CDATA[__defaults__]]></wp:meta_value>
		</wp:postmeta>
							<wp:postmeta>
		<wp:meta_key><![CDATA[us_sidebar_pos]]></wp:meta_key>
		<wp:meta_value><![CDATA[right]]></wp:meta_value>
		</wp:postmeta>
							<wp:postmeta>
		<wp:meta_key><![CDATA[us_footer_id]]></wp:meta_key>
		<wp:meta_value><![CDATA[__defaults__]]></wp:meta_value>
		</wp:postmeta>
							<wp:postmeta>
		<wp:meta_key><![CDATA[_us_in_content_ids]]></wp:meta_key>
		<wp:meta_value><![CDATA[]]></wp:meta_value>
		</wp:postmeta>
							<wp:postmeta>
		<wp:meta_key><![CDATA[us_migration_version]]></wp:meta_key>
		<wp:meta_value><![CDATA[6.0]]></wp:meta_value>
		</wp:postmeta>
							</item>
				</channel>
</rss>
	