<?xml version="1.0" encoding="UTF-8" ?>
<!-- This is a WordPress eXtended RSS file generated by WordPress as an export of your site. -->
<!-- It contains information about your site's posts, pages, comments, categories, and other content. -->
<!-- You may use this file to transfer that content from one site to another. -->
<!-- This file is not intended to serve as a complete backup of your site. -->

<!-- To import this information into a WordPress site follow these steps: -->
<!-- 1. Log in to that site as an administrator. -->
<!-- 2. Go to Tools: Import in the WordPress admin panel. -->
<!-- 3. Install the "WordPress" importer from the list. -->
<!-- 4. Activate & Run Importer. -->
<!-- 5. Upload this file using the form provided on that page. -->
<!-- 6. You will first be asked to map the authors in this export file to users -->
<!--    on the site. For each author, you may choose to map to an -->
<!--    existing user on the site or to create a new user. -->
<!-- 7. WordPress will then import each of the posts, pages, comments, categories, etc. -->
<!--    contained in this file into your site. -->

	<!-- generator="WordPress/5.3.2" created="2020-02-10 10:02" -->
<rss version="2.0"
	xmlns:excerpt="http://wordpress.org/export/1.2/excerpt/"
	xmlns:content="http://purl.org/rss/1.0/modules/content/"
	xmlns:wfw="http://wellformedweb.org/CommentAPI/"
	xmlns:dc="http://purl.org/dc/elements/1.1/"
	xmlns:wp="http://wordpress.org/export/1.2/"
>

<channel>
	<title>WooCommerce Page Builder For Elementor</title>
	<link>http://localhost/woocommerce-elementor</link>
	<description></description>
	<pubDate>Mon, 10 Feb 2020 10:02:50 +0000</pubDate>
	<language>en-US</language>
	<wp:wxr_version>1.2</wp:wxr_version>
	<wp:base_site_url>http://localhost/woocommerce-elementor/</wp:base_site_url>
	<wp:base_blog_url>http://localhost/woocommerce-elementor</wp:base_blog_url>

		<wp:author><wp:author_id>1</wp:author_id><wp:author_login><![CDATA[admin]]></wp:author_login><wp:author_email><![CDATA[dawnthemes@gmail.com]]></wp:author_email><wp:author_display_name><![CDATA[admin]]></wp:author_display_name><wp:author_first_name><![CDATA[Dawn]]></wp:author_first_name><wp:author_last_name><![CDATA[Themes]]></wp:author_last_name></wp:author>

				
	<generator>https://wordpress.org/?v=5.3.2</generator>

<image>
	<url>http://localhost/woocommerce-elementor/wp-content/uploads/2019/02/cropped-80x80-1-32x32.jpg</url>
	<title>WooCommerce Page Builder For Elementor</title>
	<link>http://localhost/woocommerce-elementor</link>
	<width>32</width>
	<height>32</height>
</image> 

		<item>
		<title>Product Layout #2</title>
		<link>http://localhost/woocommerce-elementor/?dtwcbe_woo_library=product-layout-2</link>
		<pubDate>Sun, 17 Feb 2019 10:57:44 +0000</pubDate>
		<dc:creator><![CDATA[admin]]></dc:creator>
		<guid isPermaLink="false">http://demo.dawnthemes.com/woocommerce-builder-elementor/wcbe2/?post_type=dtwcbe_woo_library&#038;p=53</guid>
		<description></description>
		<content:encoded><![CDATA[<h1>WordPress Pennant</h1>		
							Rated <strong>4.00</strong> out of 5 based on 1 customer rating							<a href="#reviews" rel="nofollow">(1 customer review)</a>						
			<nav>Home</nav>		
			<p>&pound;11.05</p>		
			<p>This is an external product.</p>

	<button type="submit">Buy on the WordPress swag store!</button>
	
						SKU: wp-pennant
					Category: <a href="http://demo.dawnthemes.com/woocommerce-builder-elementor/wcbe2/product-category/decor/" rel="tag">Decor</a>				
	<h2>Additional information</h2>
							<a href="">
					Facebook
									</a>
							<a href="">
					Twitter
									</a>
							<a href="">
					Google-plus
									</a>
						My Skill
				Web Designer
									99%
							<a title="pennant-1.jpg" data-gall="product-image-lightbox" href="http://demo.dawnthemes.com/woocommerce-builder-elementor/wcbe2/wp-content/uploads/sites/3/2019/02/pennant-1.jpg" data-thumb="http://demo.dawnthemes.com/woocommerce-builder-elementor/wcbe2/wp-content/uploads/sites/3/2019/02/pennant-1-150x150.jpg"><img width="600" height="600" src="http://demo.dawnthemes.com/woocommerce-builder-elementor/wcbe2/wp-content/uploads/sites/3/2019/02/pennant-1-600x600.jpg" alt="" /></a> 						
		<ul role="tablist">
							<li id="tab-title-description" role="tab">
					<a href="#tab-description">
						Description					</a>
				</li>
					</ul>
	<h2>Description</h2>
Pellentesque habitant morbi tristique senectus et netus et malesuada fames ac turpis egestas. Vestibulum tortor quam, feugiat vitae, ultricies eget, tempor sit amet, ante. Donec eu libero sit amet quam egestas semper. Aenean ultricies mi vitae est. Mauris placerat eleifend leo.			
			This is an Alert
							I am a description. Click the edit button to change this text.
										<button type="button">
					&times;
					Dismiss alert
				</button>
			<h2>Information</h2>		
			Pellentesque habitant morbi tristique senectus et netus et malesuada fames ac turpis egestas. Vestibulum tortor quam, feugiat vitae, ultricies eget, tempor sit amet, ante. Donec eu libero sit amet quam egestas semper. Aenean ultricies mi vitae est. Mauris placerat eleifend leo.		
										<img width="1024" height="496" src="http://demo.dawnthemes.com/woocommerce-builder-elementor/wcbe2/wp-content/uploads/sites/3/2019/02/men-fashion-dressing-the-luxury-male-traveller-3-1038x503-1024x496.jpg" alt="" />											
		<p>Lorem ipsum dolor sit amet, consectetur adipisicing elit, sed do eiusmod tempor incididunt ut labore et dolore magna aliqua. Ut enim ad minim veniam,quis nostrud exercitation ullamco laboris nisi ut aliquip ex ea commodo consequat. Duis aute irure dolor in reprehenderit in voluptate velit essecillum dolore eu fugiat nulla pariatur. Excepteur sint occaecat cupidatat non proident, sunt in culpa qui officia deserunt mollit anim id est laborum.</p><p>Lorem ipsum dolor sit amet, consectetur adipisicing elit, sed do eiusmod tempor incididunt ut labore et dolore magna aliqua. Ut enim ad minim veniam,quis nostrud exercitation ullamco laboris nisi ut aliquip ex ea commodo consequat. Duis aute irure dolor in reprehenderit in voluptate velit essecillum dolore eu fugiat nulla pariatur. Excepteur sint occaecat cupidatat non proident, sunt in culpa qui officia deserunt mollit anim id est laborum.</p>		
					<ul>
							<li>
										List Item #1
									</li>
								<li>
										List Item #2
									</li>
								<li>
										List Item #3
									</li>
						</ul>
				0
							Cool Number
						My Skill
				Web Designer
									50%
												<a href="">Toggle #1</a>
					Click edit button to change this text. Lorem ipsum dolor sit amet, consectetur adipiscing elit. Ut elit tellus, luctus nec ullamcorper mattis, pulvinar dapibus leo.
												<a href="">Toggle #2</a>
					Click edit button to change this text. Lorem ipsum dolor sit amet, consectetur adipiscing elit. Ut elit tellus, luctus nec ullamcorper mattis, pulvinar dapibus leo.
			This is an Alert
							I am a description. Click the edit button to change this text.
										<button type="button">
					&times;
					Dismiss alert
				</button>
												<a href="">Accordion #1</a>
					Click edit button to change this text. Lorem ipsum dolor sit amet, consectetur adipiscing elit. Ut elit tellus, luctus nec ullamcorper mattis, pulvinar dapibus leo.
												<a href="">Accordion #2</a>
					Click edit button to change this text. Lorem ipsum dolor sit amet, consectetur adipiscing elit. Ut elit tellus, luctus nec ullamcorper mattis, pulvinar dapibus leo.]]></content:encoded>
		<excerpt:encoded><![CDATA[]]></excerpt:encoded>
		<wp:post_id>53</wp:post_id>
		<wp:post_date><![CDATA[2019-02-17 10:57:44]]></wp:post_date>
		<wp:post_date_gmt><![CDATA[2019-02-17 10:57:44]]></wp:post_date_gmt>
		<wp:comment_status><![CDATA[closed]]></wp:comment_status>
		<wp:ping_status><![CDATA[closed]]></wp:ping_status>
		<wp:post_name><![CDATA[product-layout-2]]></wp:post_name>
		<wp:status><![CDATA[publish]]></wp:status>
		<wp:post_parent>0</wp:post_parent>
		<wp:menu_order>0</wp:menu_order>
		<wp:post_type><![CDATA[dtwcbe_woo_library]]></wp:post_type>
		<wp:post_password><![CDATA[]]></wp:post_password>
		<wp:is_sticky>0</wp:is_sticky>
										<category domain="dtwcbe_woo_library_type" nicename="product"><![CDATA[product]]></category>
						<wp:postmeta>
		<wp:meta_key><![CDATA[_elementor_controls_usage]]></wp:meta_key>
		<wp:meta_value><![CDATA[a:0:{}]]></wp:meta_value>
		</wp:postmeta>
							<wp:postmeta>
		<wp:meta_key><![CDATA[_us_in_content_ids]]></wp:meta_key>
		<wp:meta_value><![CDATA[]]></wp:meta_value>
		</wp:postmeta>
							<wp:postmeta>
		<wp:meta_key><![CDATA[us_og_image]]></wp:meta_key>
		<wp:meta_value><![CDATA[http://demo.dawnthemes.com/woocommerce-builder-elementor/wcbe2/wp-content/uploads/sites/3/2019/02/pennant-1-600x600.jpg]]></wp:meta_value>
		</wp:postmeta>
							<wp:postmeta>
		<wp:meta_key><![CDATA[_dtwcbe_edit_mode]]></wp:meta_key>
		<wp:meta_value><![CDATA[builder]]></wp:meta_value>
		</wp:postmeta>
							<wp:postmeta>
		<wp:meta_key><![CDATA[_dtwcbe_woo_template_type]]></wp:meta_key>
		<wp:meta_value><![CDATA[product]]></wp:meta_value>
		</wp:postmeta>
							<wp:postmeta>
		<wp:meta_key><![CDATA[us_og_image]]></wp:meta_key>
		<wp:meta_value><![CDATA[http://demo.dawnthemes.com/woocommerce-builder-elementor/wcbe2/wp-content/uploads/sites/3/2019/02/pennant-1-600x600.jpg]]></wp:meta_value>
		</wp:postmeta>
							<wp:postmeta>
		<wp:meta_key><![CDATA[_elementor_edit_mode]]></wp:meta_key>
		<wp:meta_value><![CDATA[builder]]></wp:meta_value>
		</wp:postmeta>
							<wp:postmeta>
		<wp:meta_key><![CDATA[_elementor_template_type]]></wp:meta_key>
		<wp:meta_value><![CDATA[wp-post]]></wp:meta_value>
		</wp:postmeta>
							<wp:postmeta>
		<wp:meta_key><![CDATA[_wp_page_template]]></wp:meta_key>
		<wp:meta_value><![CDATA[elementor_header_footer]]></wp:meta_value>
		</wp:postmeta>
							<wp:postmeta>
		<wp:meta_key><![CDATA[_elementor_data]]></wp:meta_key>
		<wp:meta_value><![CDATA[[{"id":"7d45d7f","elType":"section","settings":{"stretch_section":"section-stretched","gap":"wide","content_position":"middle","background_background":"classic","background_image":{"url":"http:\/\/demo.dawnthemes.com\/woocommerce-builder-elementor\/wcbe2\/wp-content\/uploads\/sites\/3\/2019\/02\/tumblr_static_fotolia_56808867_subscription_monthly_m.jpg","id":65},"background_position":"top center","background_attachment":"fixed","background_repeat":"no-repeat","background_size":"cover","background_overlay_background":"classic","background_overlay_color":"rgba(255,255,255,0.55)","padding":{"unit":"px","top":"130","right":"0","bottom":"130","left":"0","isLinked":false},"padding_tablet":{"unit":"px","top":"80","right":"0","bottom":"80","left":"0","isLinked":false},"padding_mobile":{"unit":"px","top":"40","right":"0","bottom":"40","left":"0","isLinked":false}},"elements":[{"id":"29e594b","elType":"column","settings":{"_column_size":100},"elements":[{"id":"029bf70","elType":"widget","settings":{"product_title_typography_typography":"custom"},"elements":[],"widgetType":"single-product-title"},{"id":"8984966","elType":"widget","settings":[],"elements":[],"widgetType":"single-product-rating"},{"id":"447e399","elType":"widget","settings":[],"elements":[],"widgetType":"breadcrumb"}],"isInner":false}],"isInner":false},{"id":"fb1ce18","elType":"section","settings":[],"elements":[{"id":"365bc27","elType":"column","settings":{"_column_size":100},"elements":[{"id":"df257b3","elType":"widget","settings":[],"elements":[],"widgetType":"spacer"}],"isInner":false}],"isInner":false},{"id":"1f0de12","elType":"section","settings":{"structure":"30"},"elements":[{"id":"85b62fa","elType":"column","settings":{"_column_size":33,"_inline_size":null},"elements":[{"id":"34750bf","elType":"widget","settings":{"product_title_typography_typography":"custom","product_title_typography_font_weight":"bold"},"elements":[],"widgetType":"single-product-price"},{"id":"d1d057a","elType":"widget","settings":[],"elements":[],"widgetType":"single-product-short-description"},{"id":"4fb537a","elType":"widget","settings":[],"elements":[],"widgetType":"single-product-add-to-cart"},{"id":"94b50d3","elType":"widget","settings":[],"elements":[],"widgetType":"single-product-meta"},{"id":"1e32a78","elType":"widget","settings":[],"elements":[],"widgetType":"single-product-share"},{"id":"c029929","elType":"widget","settings":[],"elements":[],"widgetType":"single-product-additional-information"},{"id":"41b9924","elType":"widget","settings":{"social_icon_list":[{"social":"fa fa-facebook","_id":"337521a","link":{"url":"","is_external":"","nofollow":""},"social_icon":{"value":"fab fa-wordpress","library":"fa-brands"},"item_icon_color":"default","item_icon_primary_color":"","item_icon_secondary_color":""},{"social":"fa fa-twitter","_id":"1fefbad","link":{"url":"","is_external":"","nofollow":""},"social_icon":{"value":"fab fa-wordpress","library":"fa-brands"},"item_icon_color":"default","item_icon_primary_color":"","item_icon_secondary_color":""},{"social":"fa fa-google-plus","_id":"729f0cb","link":{"url":"","is_external":"","nofollow":""},"social_icon":{"value":"fab fa-wordpress","library":"fa-brands"},"item_icon_color":"default","item_icon_primary_color":"","item_icon_secondary_color":""}],"shape":"circle","align":"left"},"elements":[],"widgetType":"social-icons"},{"id":"87bab71","elType":"widget","settings":{"title":"My Skill","percent":{"unit":"%","size":99},"inner_text":"Web Designer"},"elements":[],"widgetType":"progress"}],"isInner":false},{"id":"5f632aa","elType":"column","settings":{"_column_size":33,"_inline_size":null},"elements":[{"id":"2c285d5","elType":"widget","settings":{"product_gallery_type":"gallery-slider"},"elements":[],"widgetType":"single-product-images"}],"isInner":false},{"id":"d313be1","elType":"column","settings":{"_column_size":33,"_inline_size":null},"elements":[{"id":"5c4f99a","elType":"widget","settings":[],"elements":[],"widgetType":"single-product-tabs"},{"id":"3afbae9","elType":"widget","settings":{"alert_title":"This is an Alert","alert_description":"I am a description. Click the edit button to change this text."},"elements":[],"widgetType":"alert"}],"isInner":false}],"isInner":false},{"id":"e913b50","elType":"section","settings":[],"elements":[{"id":"02c89e6","elType":"column","settings":{"_column_size":100},"elements":[{"id":"f598fc3","elType":"widget","settings":{"color":"rgba(122,122,122,0.3)","text":"Divider"},"elements":[],"widgetType":"divider"}],"isInner":false}],"isInner":false},{"id":"a541537","elType":"section","settings":{"structure":"22"},"elements":[{"id":"5cdb2d0","elType":"column","settings":{"_column_size":66,"_inline_size":null},"elements":[{"id":"1235988","elType":"widget","settings":{"title":"Information","typography_typography":"custom","typography_text_transform":"uppercase"},"elements":[],"widgetType":"heading"},{"id":"4a2bd4e","elType":"widget","settings":[],"elements":[],"widgetType":"single-product-content"},{"id":"3ae3068","elType":"widget","settings":{"image":{"url":"http:\/\/demo.dawnthemes.com\/woocommerce-builder-elementor\/wcbe2\/wp-content\/uploads\/sites\/3\/2019\/02\/men-fashion-dressing-the-luxury-male-traveller-3-1038x503.jpg","id":71},"align":"center"},"elements":[],"widgetType":"image"},{"id":"f484713","elType":"widget","settings":{"editor":"<p>Lorem ipsum dolor sit amet, consectetur adipisicing elit, sed do eiusmod tempor incididunt ut labore et dolore magna aliqua. Ut enim ad minim veniam,quis nostrud exercitation ullamco laboris nisi ut aliquip ex ea commodo consequat. Duis aute irure dolor in reprehenderit in voluptate velit essecillum dolore eu fugiat nulla pariatur. Excepteur sint occaecat cupidatat non proident, sunt in culpa qui officia deserunt mollit anim id est laborum.<\/p><p>Lorem ipsum dolor sit amet, consectetur adipisicing elit, sed do eiusmod tempor incididunt ut labore et dolore magna aliqua. Ut enim ad minim veniam,quis nostrud exercitation ullamco laboris nisi ut aliquip ex ea commodo consequat. Duis aute irure dolor in reprehenderit in voluptate velit essecillum dolore eu fugiat nulla pariatur. Excepteur sint occaecat cupidatat non proident, sunt in culpa qui officia deserunt mollit anim id est laborum.<\/p>"},"elements":[],"widgetType":"text-editor"}],"isInner":false},{"id":"44d6e1b","elType":"column","settings":{"_column_size":33,"_inline_size":null},"elements":[{"id":"d5bed07","elType":"widget","settings":{"icon_list":[{"text":"List Item #1","icon":"fa fa-check","_id":"a9740c2","link":{"url":"","is_external":"","nofollow":""},"selected_icon":{"value":"fas fa-check","library":"fa-solid"}},{"text":"List Item #2","icon":"fa fa-times","_id":"9460d3d","link":{"url":"","is_external":"","nofollow":""},"selected_icon":{"value":"fas fa-check","library":"fa-solid"}},{"text":"List Item #3","icon":"fa fa-dot-circle-o","_id":"fa9b038","link":{"url":"","is_external":"","nofollow":""},"selected_icon":{"value":"fas fa-check","library":"fa-solid"}}]},"elements":[],"widgetType":"icon-list"},{"id":"e57dab1","elType":"widget","settings":{"title":"Cool Number"},"elements":[],"widgetType":"counter"},{"id":"9aa9456","elType":"widget","settings":{"title":"My Skill","inner_text":"Web Designer"},"elements":[],"widgetType":"progress"},{"id":"71deca1","elType":"widget","settings":{"tabs":[{"tab_title":"Toggle #1","tab_content":"Click edit button to change this text. Lorem ipsum dolor sit amet, consectetur adipiscing elit. Ut elit tellus, luctus nec ullamcorper mattis, pulvinar dapibus leo.","_id":"cd476c4"},{"tab_title":"Toggle #2","tab_content":"Click edit button to change this text. Lorem ipsum dolor sit amet, consectetur adipiscing elit. Ut elit tellus, luctus nec ullamcorper mattis, pulvinar dapibus leo.","_id":"0c2e936"}]},"elements":[],"widgetType":"toggle"},{"id":"c71eebb","elType":"widget","settings":{"alert_title":"This is an Alert","alert_description":"I am a description. Click the edit button to change this text."},"elements":[],"widgetType":"alert"},{"id":"41779f6","elType":"widget","settings":{"tabs":[{"tab_title":"Accordion #1","tab_content":"Click edit button to change this text. Lorem ipsum dolor sit amet, consectetur adipiscing elit. Ut elit tellus, luctus nec ullamcorper mattis, pulvinar dapibus leo.","_id":"d5effc9"},{"tab_title":"Accordion #2","tab_content":"Click edit button to change this text. Lorem ipsum dolor sit amet, consectetur adipiscing elit. Ut elit tellus, luctus nec ullamcorper mattis, pulvinar dapibus leo.","_id":"a7c0106"}]},"elements":[],"widgetType":"accordion"}],"isInner":false}],"isInner":false},{"id":"4a81d7e","elType":"section","settings":{"stretch_section":"section-stretched","background_background":"classic","background_color":"#f5f5f5","padding":{"unit":"px","top":"60","right":"0","bottom":"60","left":"0","isLinked":false},"margin":{"unit":"px","top":"60","right":0,"bottom":"60","left":0,"isLinked":true},"margin_tablet":{"unit":"px","top":"40","right":0,"bottom":"40","left":0,"isLinked":true},"margin_mobile":{"unit":"px","top":"30","right":0,"bottom":"30","left":0,"isLinked":false},"padding_tablet":{"unit":"px","top":"40","right":"0","bottom":"40","left":"0","isLinked":false},"padding_mobile":{"unit":"px","top":"30","right":"0","bottom":"30","left":"0","isLinked":false}},"elements":[{"id":"7eef878","elType":"column","settings":{"_column_size":100},"elements":[{"id":"157a7b0","elType":"widget","settings":{"posts_per_page":3,"columns":3,"columns_mobile":2},"elements":[],"widgetType":"single-product-related"}],"isInner":false}],"isInner":false},{"id":"83a3308","elType":"section","settings":[],"elements":[{"id":"b9dcf91","elType":"column","settings":{"_column_size":100},"elements":[{"id":"a440cf3","elType":"widget","settings":{"columns_tablet":3,"columns_mobile":2},"elements":[],"widgetType":"single-product-upsells"}],"isInner":false}],"isInner":false},{"id":"40695c6","elType":"section","settings":[],"elements":[{"id":"d5364fe","elType":"column","settings":{"_column_size":100},"elements":[],"isInner":false}],"isInner":false},{"id":"2b36aed","elType":"section","settings":[],"elements":[{"id":"2429bd1","elType":"column","settings":{"_column_size":100},"elements":[{"id":"dba86da","elType":"widget","settings":[],"elements":[],"widgetType":"spacer"}],"isInner":false}],"isInner":false}]]]></wp:meta_value>
		</wp:postmeta>
							<wp:postmeta>
		<wp:meta_key><![CDATA[_elementor_version]]></wp:meta_key>
		<wp:meta_value><![CDATA[2.8.3]]></wp:meta_value>
		</wp:postmeta>
							<wp:postmeta>
		<wp:meta_key><![CDATA[_edit_last]]></wp:meta_key>
		<wp:meta_value><![CDATA[1]]></wp:meta_value>
		</wp:postmeta>
							<wp:postmeta>
		<wp:meta_key><![CDATA[us_header_sticky_pos]]></wp:meta_key>
		<wp:meta_value><![CDATA[]]></wp:meta_value>
		</wp:postmeta>
							<wp:postmeta>
		<wp:meta_key><![CDATA[us_titlebar_id]]></wp:meta_key>
		<wp:meta_value><![CDATA[__defaults__]]></wp:meta_value>
		</wp:postmeta>
							<wp:postmeta>
		<wp:meta_key><![CDATA[us_sidebar_id]]></wp:meta_key>
		<wp:meta_value><![CDATA[__defaults__]]></wp:meta_value>
		</wp:postmeta>
							<wp:postmeta>
		<wp:meta_key><![CDATA[us_sidebar_pos]]></wp:meta_key>
		<wp:meta_value><![CDATA[right]]></wp:meta_value>
		</wp:postmeta>
							<wp:postmeta>
		<wp:meta_key><![CDATA[us_footer_id]]></wp:meta_key>
		<wp:meta_value><![CDATA[__defaults__]]></wp:meta_value>
		</wp:postmeta>
							<wp:postmeta>
		<wp:meta_key><![CDATA[dtwcbe_condition_product_all]]></wp:meta_key>
		<wp:meta_value><![CDATA[53]]></wp:meta_value>
		</wp:postmeta>
							<wp:postmeta>
		<wp:meta_key><![CDATA[us_header_id]]></wp:meta_key>
		<wp:meta_value><![CDATA[__defaults__]]></wp:meta_value>
		</wp:postmeta>
							<wp:postmeta>
		<wp:meta_key><![CDATA[us_content_id]]></wp:meta_key>
		<wp:meta_value><![CDATA[__defaults__]]></wp:meta_value>
		</wp:postmeta>
							<wp:postmeta>
		<wp:meta_key><![CDATA[_us_in_content_ids]]></wp:meta_key>
		<wp:meta_value><![CDATA[]]></wp:meta_value>
		</wp:postmeta>
							<wp:postmeta>
		<wp:meta_key><![CDATA[us_migration_version]]></wp:meta_key>
		<wp:meta_value><![CDATA[6.0]]></wp:meta_value>
		</wp:postmeta>
							<wp:postmeta>
		<wp:meta_key><![CDATA[_elementor_controls_usage]]></wp:meta_key>
		<wp:meta_value><![CDATA[a:28:{s:20:"single-product-title";a:3:{s:5:"count";i:1;s:15:"control_percent";i:0;s:8:"controls";a:1:{s:5:"style";a:1:{s:13:"section_style";a:1:{s:35:"product_title_typography_typography";i:1;}}}}s:21:"single-product-rating";a:3:{s:5:"count";i:1;s:15:"control_percent";i:0;s:8:"controls";a:0:{}}s:10:"breadcrumb";a:3:{s:5:"count";i:1;s:15:"control_percent";i:0;s:8:"controls";a:0:{}}s:6:"column";a:3:{s:5:"count";i:12;s:15:"control_percent";i:0;s:8:"controls";a:1:{s:6:"layout";a:1:{s:6:"layout";a:1:{s:12:"_inline_size";i:5;}}}}s:7:"section";a:3:{s:5:"count";i:9;s:15:"control_percent";i:0;s:8:"controls";a:3:{s:6:"layout";a:2:{s:14:"section_layout";a:3:{s:15:"stretch_section";i:2;s:3:"gap";i:1;s:16:"content_position";i:1;}s:17:"section_structure";a:1:{s:9:"structure";i:2;}}s:5:"style";a:2:{s:18:"section_background";a:7:{s:21:"background_background";i:2;s:16:"background_image";i:1;s:19:"background_position";i:1;s:21:"background_attachment";i:1;s:17:"background_repeat";i:1;s:15:"background_size";i:1;s:16:"background_color";i:1;}s:26:"section_background_overlay";a:2:{s:29:"background_overlay_background";i:1;s:24:"background_overlay_color";i:1;}}s:8:"advanced";a:1:{s:16:"section_advanced";a:6:{s:7:"padding";i:2;s:14:"padding_tablet";i:2;s:14:"padding_mobile";i:2;s:6:"margin";i:1;s:13:"margin_tablet";i:1;s:13:"margin_mobile";i:1;}}}}s:6:"spacer";a:3:{s:5:"count";i:2;s:15:"control_percent";i:0;s:8:"controls";a:0:{}}s:20:"single-product-price";a:3:{s:5:"count";i:1;s:15:"control_percent";i:1;s:8:"controls";a:1:{s:5:"style";a:1:{s:13:"section_style";a:2:{s:35:"product_title_typography_typography";i:1;s:36:"product_title_typography_font_weight";i:1;}}}}s:32:"single-product-short-description";a:3:{s:5:"count";i:1;s:15:"control_percent";i:0;s:8:"controls";a:0:{}}s:26:"single-product-add-to-cart";a:3:{s:5:"count";i:1;s:15:"control_percent";i:0;s:8:"controls";a:0:{}}s:19:"single-product-meta";a:3:{s:5:"count";i:1;s:15:"control_percent";i:0;s:8:"controls";a:0:{}}s:20:"single-product-share";a:3:{s:5:"count";i:1;s:15:"control_percent";i:0;s:8:"controls";a:0:{}}s:37:"single-product-additional-information";a:3:{s:5:"count";i:1;s:15:"control_percent";i:0;s:8:"controls";a:0:{}}s:12:"social-icons";a:3:{s:5:"count";i:1;s:15:"control_percent";i:1;s:8:"controls";a:1:{s:7:"content";a:1:{s:19:"section_social_icon";a:3:{s:16:"social_icon_list";i:1;s:5:"shape";i:1;s:5:"align";i:1;}}}}s:8:"progress";a:3:{s:5:"count";i:2;s:15:"control_percent";i:0;s:8:"controls";a:1:{s:7:"content";a:1:{s:16:"section_progress";a:1:{s:7:"percent";i:1;}}}}s:21:"single-product-images";a:3:{s:5:"count";i:1;s:15:"control_percent";i:0;s:8:"controls";a:1:{s:5:"style";a:1:{s:13:"section_style";a:1:{s:20:"product_gallery_type";i:1;}}}}s:19:"single-product-tabs";a:3:{s:5:"count";i:1;s:15:"control_percent";i:0;s:8:"controls";a:0:{}}s:5:"alert";a:3:{s:5:"count";i:2;s:15:"control_percent";i:0;s:8:"controls";a:0:{}}s:7:"divider";a:3:{s:5:"count";i:1;s:15:"control_percent";i:0;s:8:"controls";a:1:{s:5:"style";a:1:{s:21:"section_divider_style";a:1:{s:5:"color";i:1;}}}}s:7:"heading";a:3:{s:5:"count";i:1;s:15:"control_percent";i:1;s:8:"controls";a:2:{s:7:"content";a:1:{s:13:"section_title";a:1:{s:5:"title";i:1;}}s:5:"style";a:1:{s:19:"section_title_style";a:2:{s:21:"typography_typography";i:1;s:25:"typography_text_transform";i:1;}}}}s:22:"single-product-content";a:3:{s:5:"count";i:1;s:15:"control_percent";i:0;s:8:"controls";a:0:{}}s:5:"image";a:3:{s:5:"count";i:1;s:15:"control_percent";i:1;s:8:"controls";a:1:{s:7:"content";a:1:{s:13:"section_image";a:2:{s:5:"image";i:1;s:5:"align";i:1;}}}}s:11:"text-editor";a:3:{s:5:"count";i:1;s:15:"control_percent";i:0;s:8:"controls";a:1:{s:7:"content";a:1:{s:14:"section_editor";a:1:{s:6:"editor";i:1;}}}}s:9:"icon-list";a:3:{s:5:"count";i:1;s:15:"control_percent";i:0;s:8:"controls";a:1:{s:7:"content";a:1:{s:12:"section_icon";a:1:{s:9:"icon_list";i:1;}}}}s:7:"counter";a:3:{s:5:"count";i:1;s:15:"control_percent";i:0;s:8:"controls";a:0:{}}s:6:"toggle";a:3:{s:5:"count";i:1;s:15:"control_percent";i:0;s:8:"controls";a:1:{s:7:"content";a:1:{s:14:"section_toggle";a:1:{s:4:"tabs";i:1;}}}}s:9:"accordion";a:3:{s:5:"count";i:1;s:15:"control_percent";i:0;s:8:"controls";a:1:{s:7:"content";a:1:{s:13:"section_title";a:1:{s:4:"tabs";i:1;}}}}s:22:"single-product-related";a:3:{s:5:"count";i:1;s:15:"control_percent";i:1;s:8:"controls";a:1:{s:7:"content";a:1:{s:24:"section_related_products";a:3:{s:14:"posts_per_page";i:1;s:7:"columns";i:1;s:14:"columns_mobile";i:1;}}}}s:22:"single-product-upsells";a:3:{s:5:"count";i:1;s:15:"control_percent";i:0;s:8:"controls";a:1:{s:7:"content";a:1:{s:15:"section_upsells";a:2:{s:14:"columns_tablet";i:1;s:14:"columns_mobile";i:1;}}}}}]]></wp:meta_value>
		</wp:postmeta>
							</item>
				</channel>
</rss>
	